transaction_id,date,branch,product_name,category,quantity,unit_price,total_amount,customer_id
TXN000001,2025-07-01,Colombo,Milk,Dairy,8,303.77,2430.19,CUST2256
TXN000002,2025-07-01,Colombo,Bread,Bakery,3,84.02,252.06,CUST8957
TXN000003,2025-07-01,Colombo,Fruits,Produce,6,199.08,1194.47,CUST2163
TXN000004,2025-07-01,Colombo,Vegetables,Produce,1,118.27,118.27,CUST1509
TXN000005,2025-07-01,Colombo,Milk,Dairy,6,306.6,1839.63,CUST1871
TXN000006,2025-07-01,Colombo,Chicken,Meat,8,652.24,5217.91,CUST6777
TXN000007,2025-07-01,Colombo,Chicken,Meat,7,714.78,5003.49,CUST9253
TXN000008,2025-07-01,Colombo,Toothpaste,Personal Care,1,177.44,177.44,CUST3326
TXN000009,2025-07-01,Colombo,Bread,Bakery,9,89.23,803.11,CUST3470
TXN000010,2025-07-01,Colombo,Milk,Dairy,1,275.82,275.82,CUST9983
TXN000011,2025-07-01,Colombo,Fish,Seafood,3,804.65,2413.94,CUST5742
TXN000012,2025-07-01,Colombo,Shampoo,Personal Care,5,318.13,1590.63,CUST4501
TXN000013,2025-07-01,Galle,Bread,Bakery,6,83.31,499.86,CUST6339
TXN000014,2025-07-01,Galle,Shampoo,Personal Care,7,330.13,2310.93,CUST8932
TXN000015,2025-07-01,Galle,Chicken,Meat,9,696.15,6265.37,CUST1727
TXN000016,2025-07-01,Galle,Soap,Personal Care,9,90.14,811.24,CUST2618
TXN000017,2025-07-01,Galle,Fruits,Produce,7,198.02,1386.14,CUST9523
TXN000018,2025-07-01,Matara,Milk,Dairy,3,294.86,884.59,CUST3103
TXN000019,2025-07-01,Matara,Bread,Bakery,6,81.28,487.66,CUST8444
TXN000020,2025-07-01,Matara,Rice,Grains,3,142.26,426.78,CUST7680
TXN000021,2025-07-01,Matara,Soap,Personal Care,8,87.75,701.98,CUST7777
TXN000022,2025-07-01,Matara,Shampoo,Personal Care,1,299.79,299.79,CUST8118
TXN000023,2025-07-01,Matara,Toothpaste,Personal Care,1,180.4,180.4,CUST6845
TXN000024,2025-07-01,Matara,Bread,Bakery,4,91.18,364.72,CUST1793
TXN000025,2025-07-01,Matara,Toothpaste,Personal Care,6,191.22,1147.33,CUST7773
TXN000026,2025-07-01,Matara,Vegetables,Produce,9,114.24,1028.17,CUST7864
TXN000027,2025-07-01,Matara,Fish,Seafood,1,751.84,751.84,CUST5542
TXN000028,2025-07-01,Matara,Vegetables,Produce,6,124.33,745.98,CUST8137
TXN000029,2025-07-02,Colombo,Fruits,Produce,3,197.84,593.53,CUST9205
TXN000030,2025-07-02,Colombo,Fish,Seafood,4,794.13,3176.51,CUST1284
TXN000031,2025-07-02,Colombo,Shampoo,Personal Care,8,292.7,2341.62,CUST7912
TXN000032,2025-07-02,Colombo,Fruits,Produce,4,204.57,818.27,CUST8742
TXN000033,2025-07-02,Colombo,Fruits,Produce,1,196.74,196.74,CUST2753
TXN000034,2025-07-02,Colombo,Fruits,Produce,3,203.26,609.79,CUST7130
TXN000035,2025-07-02,Colombo,Chicken,Meat,2,604.29,1208.58,CUST4435
TXN000036,2025-07-02,Colombo,Fruits,Produce,4,183.74,734.97,CUST5507
TXN000037,2025-07-02,Colombo,Vegetables,Produce,7,114.05,798.38,CUST1354
TXN000038,2025-07-02,Colombo,Bread,Bakery,1,79.58,79.58,CUST3831
TXN000039,2025-07-02,Colombo,Chicken,Meat,7,587.97,4115.82,CUST5053
TXN000040,2025-07-02,Colombo,Milk,Dairy,7,278.85,1951.92,CUST7428
TXN000041,2025-07-02,Colombo,Rice,Grains,1,143.46,143.46,CUST4525
TXN000042,2025-07-02,Colombo,Toothpaste,Personal Care,6,163.86,983.15,CUST6341
TXN000043,2025-07-02,Colombo,Vegetables,Produce,2,131.28,262.55,CUST3881
TXN000044,2025-07-02,Colombo,Rice,Grains,4,155.57,622.29,CUST9147
TXN000045,2025-07-02,Colombo,Shampoo,Personal Care,4,339.13,1356.53,CUST8653
TXN000046,2025-07-02,Colombo,Shampoo,Personal Care,6,333.85,2003.11,CUST9637
TXN000047,2025-07-02,Galle,Fish,Seafood,4,779.93,3119.7,CUST3796
TXN000048,2025-07-02,Galle,Chicken,Meat,9,693.45,6241.03,CUST6464
TXN000049,2025-07-02,Galle,Chicken,Meat,3,654.44,1963.33,CUST6583
TXN000050,2025-07-02,Galle,Bread,Bakery,1,88.33,88.33,CUST6755
TXN000051,2025-07-02,Galle,Shampoo,Personal Care,5,347.86,1739.32,CUST3591
TXN000052,2025-07-02,Galle,Soap,Personal Care,3,88.05,264.15,CUST9372
TXN000053,2025-07-02,Galle,Fruits,Produce,9,181.98,1637.8,CUST9648
TXN000054,2025-07-02,Galle,Fish,Seafood,7,739.34,5175.37,CUST2654
TXN000055,2025-07-02,Matara,Fruits,Produce,3,187.59,562.76,CUST4162
TXN000056,2025-07-02,Matara,Milk,Dairy,7,252.42,1766.91,CUST3954
TXN000057,2025-07-02,Matara,Bread,Bakery,5,77.17,385.83,CUST1970
TXN000058,2025-07-02,Matara,Shampoo,Personal Care,7,314.75,2203.23,CUST3615
TXN000059,2025-07-02,Matara,Toothpaste,Personal Care,5,182.8,914.02,CUST5684
TXN000060,2025-07-03,Colombo,Shampoo,Personal Care,3,338.45,1015.35,CUST9213
TXN000061,2025-07-03,Colombo,Fruits,Produce,6,197.53,1185.2,CUST3405
TXN000062,2025-07-03,Colombo,Fish,Seafood,4,832.41,3329.64,CUST7661
TXN000063,2025-07-03,Colombo,Soap,Personal Care,6,87.67,526.03,CUST4846
TXN000064,2025-07-03,Colombo,Bread,Bakery,3,78.96,236.89,CUST6983
TXN000065,2025-07-03,Colombo,Fish,Seafood,4,855.5,3422.02,CUST2991
TXN000066,2025-07-03,Colombo,Chicken,Meat,1,637.62,637.62,CUST4241
TXN000067,2025-07-03,Colombo,Fruits,Produce,6,211.11,1266.65,CUST1404
TXN000068,2025-07-03,Colombo,Toothpaste,Personal Care,4,165.09,660.36,CUST5898
TXN000069,2025-07-03,Galle,Soap,Personal Care,8,95.08,760.63,CUST9233
TXN000070,2025-07-03,Galle,Rice,Grains,5,137.19,685.97,CUST3456
TXN000071,2025-07-03,Galle,Toothpaste,Personal Care,2,195.99,391.98,CUST3591
TXN000072,2025-07-03,Galle,Toothpaste,Personal Care,5,188.23,941.15,CUST3240
TXN000073,2025-07-03,Galle,Rice,Grains,1,149.82,149.82,CUST7404
TXN000074,2025-07-03,Galle,Chicken,Meat,2,585.06,1170.11,CUST3436
TXN000075,2025-07-03,Matara,Rice,Grains,7,143.56,1004.94,CUST7885
TXN000076,2025-07-03,Matara,Fruits,Produce,5,215.81,1079.03,CUST7517
TXN000077,2025-07-03,Matara,Soap,Personal Care,7,102.18,715.26,CUST4508
TXN000078,2025-07-03,Matara,Chicken,Meat,8,588.64,4709.11,CUST5410
TXN000079,2025-07-03,Matara,Toothpaste,Personal Care,3,176.82,530.45,CUST1740
TXN000080,2025-07-03,Matara,Vegetables,Produce,8,120.07,960.58,CUST8692
TXN000081,2025-07-03,Matara,Vegetables,Produce,7,111.35,779.45,CUST5713
TXN000082,2025-07-03,Matara,Bread,Bakery,2,88.26,176.52,CUST5561
TXN000083,2025-07-03,Matara,Fruits,Produce,7,212.58,1488.09,CUST2850
TXN000084,2025-07-03,Matara,Fish,Seafood,8,724.33,5794.64,CUST9319
TXN000085,2025-07-03,Matara,Soap,Personal Care,4,89.33,357.34,CUST1582
TXN000086,2025-07-03,Matara,Shampoo,Personal Care,1,350.21,350.21,CUST8580
TXN000087,2025-07-03,Matara,Shampoo,Personal Care,1,342.26,342.26,CUST3612
TXN000088,2025-07-03,Matara,Milk,Dairy,5,299.23,1496.13,CUST7074
TXN000089,2025-07-03,Matara,Soap,Personal Care,1,103.63,103.63,CUST7770
TXN000090,2025-07-04,Colombo,Chicken,Meat,3,605.9,1817.69,CUST4732
TXN000091,2025-07-04,Colombo,Fish,Seafood,5,864.23,4321.14,CUST4864
TXN000092,2025-07-04,Colombo,Milk,Dairy,8,292.19,2337.54,CUST3788
TXN000093,2025-07-04,Colombo,Shampoo,Personal Care,3,342.89,1028.67,CUST5619
TXN000094,2025-07-04,Colombo,Soap,Personal Care,5,89.22,446.11,CUST9201
TXN000095,2025-07-04,Colombo,Toothpaste,Personal Care,2,197.83,395.65,CUST7864
TXN000096,2025-07-04,Colombo,Soap,Personal Care,9,91.9,827.13,CUST8109
TXN000097,2025-07-04,Colombo,Bread,Bakery,8,92.6,740.76,CUST8256
TXN000098,2025-07-04,Colombo,Toothpaste,Personal Care,6,195.0,1170.02,CUST8408
TXN000099,2025-07-04,Colombo,Chicken,Meat,4,664.51,2658.04,CUST4602
TXN000100,2025-07-04,Colombo,Vegetables,Produce,4,112.3,449.19,CUST9407
TXN000101,2025-07-04,Colombo,Bread,Bakery,5,78.37,391.85,CUST7281
TXN000102,2025-07-04,Colombo,Shampoo,Personal Care,8,290.92,2327.37,CUST6419
TXN000103,2025-07-04,Colombo,Soap,Personal Care,4,98.22,392.9,CUST9488
TXN000104,2025-07-04,Colombo,Fish,Seafood,1,724.59,724.59,CUST5771
TXN000105,2025-07-04,Colombo,Toothpaste,Personal Care,6,175.3,1051.81,CUST9282
TXN000106,2025-07-04,Colombo,Toothpaste,Personal Care,5,184.34,921.72,CUST8755
TXN000107,2025-07-04,Colombo,Vegetables,Produce,7,128.29,898.05,CUST5367
TXN000108,2025-07-04,Galle,Chicken,Meat,9,610.79,5497.13,CUST2369
TXN000109,2025-07-04,Galle,Chicken,Meat,2,679.7,1359.4,CUST4098
TXN000110,2025-07-04,Galle,Fruits,Produce,2,195.97,391.93,CUST3495
TXN000111,2025-07-04,Galle,Fruits,Produce,4,191.58,766.33,CUST4921
TXN000112,2025-07-04,Galle,Milk,Dairy,1,262.24,262.24,CUST6011
TXN000113,2025-07-04,Galle,Toothpaste,Personal Care,9,189.25,1703.27,CUST6213
TXN000114,2025-07-04,Galle,Milk,Dairy,6,291.91,1751.43,CUST9617
TXN000115,2025-07-04,Galle,Bread,Bakery,3,82.56,247.68,CUST9964
TXN000116,2025-07-04,Galle,Vegetables,Produce,3,131.56,394.69,CUST7051
TXN000117,2025-07-04,Galle,Fish,Seafood,2,839.6,1679.2,CUST3872
TXN000118,2025-07-04,Galle,Shampoo,Personal Care,4,288.16,1152.65,CUST3284
TXN000119,2025-07-04,Galle,Milk,Dairy,6,276.16,1656.96,CUST2769
TXN000120,2025-07-04,Galle,Milk,Dairy,1,298.82,298.82,CUST5657
TXN000121,2025-07-04,Matara,Toothpaste,Personal Care,3,185.4,556.21,CUST5295
TXN000122,2025-07-04,Matara,Bread,Bakery,3,84.72,254.17,CUST8060
TXN000123,2025-07-04,Matara,Shampoo,Personal Care,2,290.51,581.02,CUST8695
TXN000124,2025-07-04,Matara,Vegetables,Produce,3,128.01,384.02,CUST8016
TXN000125,2025-07-04,Matara,Rice,Grains,6,158.24,949.42,CUST5988
TXN000126,2025-07-04,Matara,Fruits,Produce,3,180.17,540.5,CUST1011
TXN000127,2025-07-04,Matara,Toothpaste,Personal Care,3,183.0,549.0,CUST7228
TXN000128,2025-07-04,Matara,Shampoo,Personal Care,1,345.3,345.3,CUST7085
TXN000129,2025-07-04,Matara,Bread,Bakery,8,83.13,665.0,CUST7326
TXN000130,2025-07-04,Matara,Rice,Grains,5,151.75,758.76,CUST7373
TXN000131,2025-07-05,Colombo,Toothpaste,Personal Care,4,165.61,662.46,CUST2000
TXN000132,2025-07-05,Colombo,Bread,Bakery,3,82.48,247.43,CUST6109
TXN000133,2025-07-05,Colombo,Shampoo,Personal Care,3,314.45,943.35,CUST4952
TXN000134,2025-07-05,Colombo,Shampoo,Personal Care,4,324.61,1298.44,CUST4605
TXN000135,2025-07-05,Colombo,Rice,Grains,3,144.64,433.91,CUST9694
TXN000136,2025-07-05,Colombo,Bread,Bakery,8,86.53,692.21,CUST4661
TXN000137,2025-07-05,Colombo,Bread,Bakery,5,86.54,432.69,CUST3253
TXN000138,2025-07-05,Colombo,Shampoo,Personal Care,7,331.31,2319.17,CUST8881
TXN000139,2025-07-05,Colombo,Toothpaste,Personal Care,9,175.61,1580.51,CUST5744
TXN000140,2025-07-05,Colombo,Milk,Dairy,5,305.15,1525.74,CUST4085
TXN000141,2025-07-05,Colombo,Vegetables,Produce,8,125.97,1007.73,CUST1171
TXN000142,2025-07-05,Colombo,Fish,Seafood,7,793.29,5553.02,CUST4516
TXN000143,2025-07-05,Colombo,Toothpaste,Personal Care,1,162.66,162.66,CUST5129
TXN000144,2025-07-05,Colombo,Shampoo,Personal Care,9,351.41,3162.7,CUST5893
TXN000145,2025-07-05,Galle,Bread,Bakery,1,81.86,81.86,CUST4857
TXN000146,2025-07-05,Galle,Soap,Personal Care,5,90.33,451.66,CUST3916
TXN000147,2025-07-05,Galle,Fish,Seafood,2,836.68,1673.36,CUST7876
TXN000148,2025-07-05,Galle,Vegetables,Produce,2,113.64,227.28,CUST5198
TXN000149,2025-07-05,Galle,Rice,Grains,2,162.74,325.48,CUST8192
TXN000150,2025-07-05,Galle,Toothpaste,Personal Care,4,162.98,651.92,CUST5703
TXN000151,2025-07-05,Galle,Rice,Grains,7,159.43,1116.03,CUST3681
TXN000152,2025-07-05,Galle,Fish,Seafood,7,790.72,5535.02,CUST1790
TXN000153,2025-07-05,Matara,Shampoo,Personal Care,1,310.59,310.59,CUST7011
TXN000154,2025-07-05,Matara,Rice,Grains,3,160.58,481.75,CUST2968
TXN000155,2025-07-05,Matara,Rice,Grains,9,138.33,1245.01,CUST4784
TXN000156,2025-07-05,Matara,Fish,Seafood,1,753.88,753.88,CUST1775
TXN000157,2025-07-05,Matara,Milk,Dairy,1,289.62,289.62,CUST1777
TXN000158,2025-07-05,Matara,Vegetables,Produce,2,108.95,217.91,CUST2692
TXN000159,2025-07-05,Matara,Chicken,Meat,6,589.1,3534.59,CUST5319
TXN000160,2025-07-05,Matara,Chicken,Meat,1,605.75,605.75,CUST2412
TXN000161,2025-07-05,Matara,Toothpaste,Personal Care,5,177.54,887.72,CUST1360
TXN000162,2025-07-05,Matara,Soap,Personal Care,1,94.53,94.53,CUST5229
TXN000163,2025-07-05,Matara,Shampoo,Personal Care,8,320.86,2566.87,CUST9143
TXN000164,2025-07-05,Matara,Rice,Grains,3,142.15,426.45,CUST5736
TXN000165,2025-07-05,Matara,Vegetables,Produce,1,118.19,118.19,CUST5512
TXN000166,2025-07-05,Matara,Milk,Dairy,4,288.89,1155.55,CUST6338
TXN000167,2025-07-05,Matara,Shampoo,Personal Care,5,326.89,1634.46,CUST4825
TXN000168,2025-07-05,Matara,Chicken,Meat,4,654.02,2616.08,CUST8918
TXN000169,2025-07-05,Matara,Vegetables,Produce,6,130.74,784.42,CUST4198
TXN000170,2025-07-05,Matara,Soap,Personal Care,1,100.77,100.77,CUST7030
TXN000171,2025-07-05,Matara,Shampoo,Personal Care,8,339.85,2718.83,CUST3203
TXN000172,2025-07-06,Colombo,Fish,Seafood,7,775.97,5431.82,CUST5448
TXN000173,2025-07-06,Colombo,Soap,Personal Care,9,97.02,873.14,CUST4034
TXN000174,2025-07-06,Colombo,Fruits,Produce,6,184.51,1107.04,CUST7223
TXN000175,2025-07-06,Colombo,Toothpaste,Personal Care,7,193.92,1357.42,CUST8014
TXN000176,2025-07-06,Colombo,Vegetables,Produce,5,130.06,650.32,CUST3004
TXN000177,2025-07-06,Colombo,Vegetables,Produce,3,128.93,386.78,CUST7125
TXN000178,2025-07-06,Colombo,Vegetables,Produce,8,125.54,1004.33,CUST3522
TXN000179,2025-07-06,Colombo,Soap,Personal Care,8,100.51,804.09,CUST5919
TXN000180,2025-07-06,Colombo,Vegetables,Produce,5,112.01,560.06,CUST8432
TXN000181,2025-07-06,Colombo,Soap,Personal Care,4,101.36,405.45,CUST5490
TXN000182,2025-07-06,Colombo,Rice,Grains,5,140.57,702.87,CUST1903
TXN000183,2025-07-06,Colombo,Fruits,Produce,7,215.33,1507.31,CUST5623
TXN000184,2025-07-06,Colombo,Fish,Seafood,1,877.6,877.6,CUST7078
TXN000185,2025-07-06,Colombo,Fish,Seafood,2,745.59,1491.18,CUST5968
TXN000186,2025-07-06,Galle,Rice,Grains,8,164.33,1314.65,CUST9319
TXN000187,2025-07-06,Galle,Toothpaste,Personal Care,1,166.04,166.04,CUST6374
TXN000188,2025-07-06,Galle,Milk,Dairy,1,257.56,257.56,CUST3356
TXN000189,2025-07-06,Galle,Vegetables,Produce,9,124.62,1121.56,CUST3109
TXN000190,2025-07-06,Galle,Fruits,Produce,1,209.44,209.44,CUST3423
TXN000191,2025-07-06,Galle,Rice,Grains,4,149.74,598.97,CUST3517
TXN000192,2025-07-06,Galle,Rice,Grains,2,137.54,275.08,CUST4747
TXN000193,2025-07-06,Galle,Chicken,Meat,3,700.07,2100.2,CUST7883
TXN000194,2025-07-06,Galle,Toothpaste,Personal Care,5,181.81,909.05,CUST1905
TXN000195,2025-07-06,Galle,Rice,Grains,5,156.66,783.31,CUST5251
TXN000196,2025-07-06,Galle,Toothpaste,Personal Care,5,179.52,897.61,CUST6949
TXN000197,2025-07-06,Galle,Bread,Bakery,5,76.83,384.14,CUST9076
TXN000198,2025-07-06,Galle,Toothpaste,Personal Care,5,184.55,922.74,CUST6744
TXN000199,2025-07-06,Galle,Bread,Bakery,7,79.15,554.03,CUST7689
TXN000200,2025-07-06,Galle,Rice,Grains,4,148.11,592.46,CUST1213
TXN000201,2025-07-06,Matara,Milk,Dairy,6,277.37,1664.2,CUST8974
TXN000202,2025-07-06,Matara,Fruits,Produce,7,192.07,1344.49,CUST5890
TXN000203,2025-07-06,Matara,Fish,Seafood,6,782.19,4693.15,CUST3330
TXN000204,2025-07-06,Matara,Soap,Personal Care,3,98.91,296.72,CUST1127
TXN000205,2025-07-06,Matara,Rice,Grains,7,164.23,1149.6,CUST9268
TXN000206,2025-07-06,Matara,Shampoo,Personal Care,5,338.66,1693.32,CUST6148
TXN000207,2025-07-07,Colombo,Soap,Personal Care,9,101.82,916.38,CUST3152
TXN000208,2025-07-07,Colombo,Bread,Bakery,3,80.17,240.51,CUST3553
TXN000209,2025-07-07,Colombo,Fruits,Produce,3,213.6,640.79,CUST3554
TXN000210,2025-07-07,Colombo,Rice,Grains,5,144.63,723.17,CUST5282
TXN000211,2025-07-07,Colombo,Vegetables,Produce,1,117.2,117.2,CUST4604
TXN000212,2025-07-07,Colombo,Toothpaste,Personal Care,8,172.99,1383.91,CUST2012
TXN000213,2025-07-07,Colombo,Fish,Seafood,3,736.63,2209.89,CUST2092
TXN000214,2025-07-07,Colombo,Shampoo,Personal Care,9,296.95,2672.56,CUST4041
TXN000215,2025-07-07,Colombo,Milk,Dairy,5,258.11,1290.56,CUST9673
TXN000216,2025-07-07,Colombo,Vegetables,Produce,7,130.77,915.41,CUST3566
TXN000217,2025-07-07,Colombo,Fruits,Produce,1,199.26,199.26,CUST2225
TXN000218,2025-07-07,Colombo,Fish,Seafood,3,842.84,2528.52,CUST5721
TXN000219,2025-07-07,Galle,Fish,Seafood,1,764.26,764.26,CUST7474
TXN000220,2025-07-07,Galle,Shampoo,Personal Care,7,288.15,2017.06,CUST4106
TXN000221,2025-07-07,Galle,Fruits,Produce,8,217.11,1736.91,CUST5714
TXN000222,2025-07-07,Galle,Soap,Personal Care,4,98.17,392.67,CUST1349
TXN000223,2025-07-07,Galle,Bread,Bakery,2,89.65,179.31,CUST3188
TXN000224,2025-07-07,Galle,Milk,Dairy,8,255.7,2045.62,CUST2044
TXN000225,2025-07-07,Galle,Soap,Personal Care,8,104.47,835.78,CUST2756
TXN000226,2025-07-07,Galle,Bread,Bakery,7,81.5,570.5,CUST2534
TXN000227,2025-07-07,Galle,Soap,Personal Care,3,101.38,304.13,CUST3018
TXN000228,2025-07-07,Matara,Vegetables,Produce,3,117.84,353.51,CUST1454
TXN000229,2025-07-07,Matara,Milk,Dairy,1,302.58,302.58,CUST4615
TXN000230,2025-07-07,Matara,Toothpaste,Personal Care,7,181.69,1271.83,CUST8278
TXN000231,2025-07-07,Matara,Toothpaste,Personal Care,9,166.76,1500.84,CUST8764
TXN000232,2025-07-07,Matara,Vegetables,Produce,7,126.67,886.7,CUST9974
TXN000233,2025-07-07,Matara,Fish,Seafood,7,851.34,5959.4,CUST9971
TXN000234,2025-07-07,Matara,Fruits,Produce,9,190.68,1716.08,CUST9318
TXN000235,2025-07-07,Matara,Bread,Bakery,5,88.85,444.25,CUST8409
TXN000236,2025-07-07,Matara,Chicken,Meat,5,661.35,3306.73,CUST7006
TXN000237,2025-07-07,Matara,Milk,Dairy,8,281.63,2253.01,CUST9692
TXN000238,2025-07-07,Matara,Bread,Bakery,5,83.01,415.06,CUST5560
TXN000239,2025-07-07,Matara,Bread,Bakery,6,91.54,549.23,CUST1697
TXN000240,2025-07-07,Matara,Rice,Grains,1,154.8,154.8,CUST5223
TXN000241,2025-07-07,Matara,Soap,Personal Care,1,94.81,94.81,CUST5681
TXN000242,2025-07-07,Matara,Rice,Grains,3,148.07,444.2,CUST5303
TXN000243,2025-07-07,Matara,Fish,Seafood,6,780.44,4682.65,CUST8875
TXN000244,2025-07-07,Matara,Soap,Personal Care,4,89.65,358.62,CUST2242
TXN000245,2025-07-08,Colombo,Fruits,Produce,1,215.38,215.38,CUST2178
TXN000246,2025-07-08,Colombo,Fish,Seafood,9,777.52,6997.7,CUST1267
TXN000247,2025-07-08,Colombo,Fruits,Produce,1,210.14,210.14,CUST5295
TXN000248,2025-07-08,Colombo,Milk,Dairy,3,289.23,867.69,CUST5131
TXN000249,2025-07-08,Colombo,Fish,Seafood,7,727.55,5092.88,CUST7724
TXN000250,2025-07-08,Colombo,Toothpaste,Personal Care,9,179.64,1616.76,CUST2424
TXN000251,2025-07-08,Colombo,Toothpaste,Personal Care,1,183.19,183.19,CUST9260
TXN000252,2025-07-08,Colombo,Rice,Grains,3,157.02,471.05,CUST8590
TXN000253,2025-07-08,Colombo,Rice,Grains,2,162.26,324.53,CUST5795
TXN000254,2025-07-08,Colombo,Soap,Personal Care,5,99.02,495.09,CUST7478
TXN000255,2025-07-08,Colombo,Chicken,Meat,2,685.01,1370.01,CUST5918
TXN000256,2025-07-08,Colombo,Toothpaste,Personal Care,7,172.29,1206.04,CUST6603
TXN000257,2025-07-08,Colombo,Vegetables,Produce,3,129.36,388.07,CUST2236
TXN000258,2025-07-08,Colombo,Fruits,Produce,8,216.81,1734.5,CUST8613
TXN000259,2025-07-08,Galle,Vegetables,Produce,3,118.56,355.68,CUST9643
TXN000260,2025-07-08,Galle,Chicken,Meat,8,595.27,4762.13,CUST9693
TXN000261,2025-07-08,Galle,Toothpaste,Personal Care,2,186.07,372.14,CUST9011
TXN000262,2025-07-08,Galle,Fruits,Produce,9,181.01,1629.09,CUST1923
TXN000263,2025-07-08,Galle,Toothpaste,Personal Care,2,194.6,389.2,CUST9079
TXN000264,2025-07-08,Galle,Soap,Personal Care,3,99.27,297.81,CUST3290
TXN000265,2025-07-08,Galle,Shampoo,Personal Care,5,300.08,1500.38,CUST5554
TXN000266,2025-07-08,Galle,Fruits,Produce,2,186.79,373.57,CUST6963
TXN000267,2025-07-08,Galle,Soap,Personal Care,6,88.92,533.51,CUST4846
TXN000268,2025-07-08,Matara,Soap,Personal Care,1,95.6,95.6,CUST8150
TXN000269,2025-07-08,Matara,Bread,Bakery,3,76.91,230.72,CUST3016
TXN000270,2025-07-08,Matara,Milk,Dairy,3,287.41,862.22,CUST8563
TXN000271,2025-07-08,Matara,Vegetables,Produce,7,127.15,890.04,CUST6285
TXN000272,2025-07-08,Matara,Fruits,Produce,7,182.65,1278.52,CUST6339
TXN000273,2025-07-08,Matara,Fruits,Produce,7,216.03,1512.18,CUST2938
TXN000274,2025-07-08,Matara,Bread,Bakery,3,78.09,234.27,CUST9615
TXN000275,2025-07-08,Matara,Bread,Bakery,5,82.06,410.31,CUST8848
TXN000276,2025-07-08,Matara,Milk,Dairy,1,261.85,261.85,CUST6586
TXN000277,2025-07-08,Matara,Chicken,Meat,7,607.43,4252.0,CUST4150
TXN000278,2025-07-08,Matara,Toothpaste,Personal Care,7,177.24,1240.67,CUST8809
TXN000279,2025-07-08,Matara,Vegetables,Produce,3,123.07,369.22,CUST2803
TXN000280,2025-07-08,Matara,Chicken,Meat,6,599.93,3599.55,CUST7121
TXN000281,2025-07-08,Matara,Bread,Bakery,7,89.12,623.86,CUST1811
TXN000282,2025-07-08,Matara,Rice,Grains,6,153.89,923.33,CUST5015
TXN000283,2025-07-08,Matara,Fruits,Produce,8,201.32,1610.58,CUST9493
TXN000284,2025-07-09,Colombo,Rice,Grains,3,148.17,444.52,CUST9295
TXN000285,2025-07-09,Colombo,Chicken,Meat,6,651.57,3909.39,CUST2324
TXN000286,2025-07-09,Colombo,Milk,Dairy,3,260.37,781.12,CUST3577
TXN000287,2025-07-09,Colombo,Chicken,Meat,4,674.53,2698.13,CUST9918
TXN000288,2025-07-09,Colombo,Vegetables,Produce,5,122.0,610.02,CUST9815
TXN000289,2025-07-09,Colombo,Fish,Seafood,6,867.7,5206.2,CUST2358
TXN000290,2025-07-09,Colombo,Chicken,Meat,1,696.14,696.14,CUST8121
TXN000291,2025-07-09,Colombo,Bread,Bakery,9,87.4,786.63,CUST2384
TXN000292,2025-07-09,Colombo,Vegetables,Produce,3,110.74,332.23,CUST4004
TXN000293,2025-07-09,Galle,Fish,Seafood,8,766.49,6131.9,CUST2050
TXN000294,2025-07-09,Galle,Vegetables,Produce,9,124.62,1121.6,CUST9717
TXN000295,2025-07-09,Galle,Fish,Seafood,7,786.53,5505.68,CUST3303
TXN000296,2025-07-09,Galle,Bread,Bakery,6,84.38,506.25,CUST6851
TXN000297,2025-07-09,Galle,Vegetables,Produce,5,109.92,549.61,CUST4150
TXN000298,2025-07-09,Galle,Fish,Seafood,9,741.37,6672.32,CUST3766
TXN000299,2025-07-09,Galle,Fruits,Produce,2,213.92,427.83,CUST2207
TXN000300,2025-07-09,Galle,Chicken,Meat,8,652.92,5223.35,CUST4288
TXN000301,2025-07-09,Galle,Vegetables,Produce,6,130.14,780.86,CUST3621
TXN000302,2025-07-09,Galle,Bread,Bakery,9,86.71,780.43,CUST9484
TXN000303,2025-07-09,Galle,Bread,Bakery,7,81.18,568.29,CUST2592
TXN000304,2025-07-09,Galle,Vegetables,Produce,7,120.74,845.2,CUST2326
TXN000305,2025-07-09,Matara,Rice,Grains,2,159.2,318.41,CUST7110
TXN000306,2025-07-09,Matara,Chicken,Meat,1,655.19,655.19,CUST8857
TXN000307,2025-07-09,Matara,Bread,Bakery,6,78.77,472.6,CUST9612
TXN000308,2025-07-09,Matara,Shampoo,Personal Care,3,288.57,865.72,CUST3584
TXN000309,2025-07-09,Matara,Toothpaste,Personal Care,8,190.63,1525.05,CUST4972
TXN000310,2025-07-09,Matara,Milk,Dairy,6,281.09,1686.54,CUST2097
TXN000311,2025-07-09,Matara,Fruits,Produce,7,214.7,1502.88,CUST8292
TXN000312,2025-07-09,Matara,Milk,Dairy,8,272.94,2183.5,CUST7098
TXN000313,2025-07-09,Matara,Chicken,Meat,1,668.72,668.72,CUST8994
TXN000314,2025-07-09,Matara,Vegetables,Produce,4,115.54,462.14,CUST3156
TXN000315,2025-07-09,Matara,Shampoo,Personal Care,7,295.3,2067.13,CUST6843
TXN000316,2025-07-09,Matara,Shampoo,Personal Care,3,338.93,1016.8,CUST6779
TXN000317,2025-07-09,Matara,Vegetables,Produce,4,116.79,467.16,CUST2743
TXN000318,2025-07-09,Matara,Soap,Personal Care,3,102.91,308.73,CUST5716
TXN000319,2025-07-10,Colombo,Toothpaste,Personal Care,8,181.16,1449.24,CUST3440
TXN000320,2025-07-10,Colombo,Vegetables,Produce,8,130.49,1043.93,CUST8247
TXN000321,2025-07-10,Colombo,Shampoo,Personal Care,1,291.93,291.93,CUST7924
TXN000322,2025-07-10,Colombo,Milk,Dairy,8,268.26,2146.11,CUST8896
TXN000323,2025-07-10,Colombo,Shampoo,Personal Care,6,340.35,2042.12,CUST3989
TXN000324,2025-07-10,Colombo,Shampoo,Personal Care,3,347.65,1042.95,CUST7050
TXN000325,2025-07-10,Colombo,Soap,Personal Care,9,91.19,820.75,CUST5067
TXN000326,2025-07-10,Colombo,Shampoo,Personal Care,7,297.35,2081.46,CUST6751
TXN000327,2025-07-10,Colombo,Milk,Dairy,1,277.2,277.2,CUST4352
TXN000328,2025-07-10,Colombo,Soap,Personal Care,7,103.45,724.12,CUST6837
TXN000329,2025-07-10,Colombo,Toothpaste,Personal Care,1,196.1,196.1,CUST4890
TXN000330,2025-07-10,Colombo,Rice,Grains,7,146.78,1027.46,CUST2402
TXN000331,2025-07-10,Colombo,Toothpaste,Personal Care,5,185.5,927.5,CUST3328
TXN000332,2025-07-10,Colombo,Soap,Personal Care,1,96.03,96.03,CUST2559
TXN000333,2025-07-10,Colombo,Shampoo,Personal Care,4,347.52,1390.09,CUST1941
TXN000334,2025-07-10,Colombo,Toothpaste,Personal Care,5,166.43,832.14,CUST5948
TXN000335,2025-07-10,Colombo,Bread,Bakery,2,89.28,178.55,CUST7599
TXN000336,2025-07-10,Colombo,Fish,Seafood,2,805.97,1611.94,CUST8962
TXN000337,2025-07-10,Galle,Milk,Dairy,2,275.55,551.11,CUST5195
TXN000338,2025-07-10,Galle,Shampoo,Personal Care,2,311.89,623.79,CUST8861
TXN000339,2025-07-10,Galle,Bread,Bakery,7,80.63,564.42,CUST7551
TXN000340,2025-07-10,Galle,Toothpaste,Personal Care,5,194.49,972.45,CUST1646
TXN000341,2025-07-10,Galle,Fish,Seafood,4,875.34,3501.37,CUST9631
TXN000342,2025-07-10,Galle,Milk,Dairy,3,277.35,832.04,CUST8788
TXN000343,2025-07-10,Galle,Chicken,Meat,8,615.13,4921.02,CUST4484
TXN000344,2025-07-10,Galle,Toothpaste,Personal Care,9,173.18,1558.65,CUST2604
TXN000345,2025-07-10,Galle,Toothpaste,Personal Care,4,173.12,692.49,CUST4901
TXN000346,2025-07-10,Galle,Rice,Grains,5,139.87,699.37,CUST6347
TXN000347,2025-07-10,Galle,Rice,Grains,3,148.3,444.91,CUST7234
TXN000348,2025-07-10,Galle,Chicken,Meat,7,687.21,4810.45,CUST2311
TXN000349,2025-07-10,Galle,Toothpaste,Personal Care,5,163.07,815.34,CUST5048
TXN000350,2025-07-10,Matara,Toothpaste,Personal Care,1,180.54,180.54,CUST5093
TXN000351,2025-07-10,Matara,Chicken,Meat,7,644.36,4510.54,CUST2442
TXN000352,2025-07-10,Matara,Vegetables,Produce,9,117.97,1061.73,CUST3657
TXN000353,2025-07-10,Matara,Shampoo,Personal Care,3,316.05,948.15,CUST1068
TXN000354,2025-07-10,Matara,Milk,Dairy,7,285.43,1997.98,CUST6567
TXN000355,2025-07-10,Matara,Shampoo,Personal Care,4,323.84,1295.37,CUST8240
TXN000356,2025-07-11,Colombo,Chicken,Meat,3,642.44,1927.33,CUST9970
TXN000357,2025-07-11,Colombo,Shampoo,Personal Care,8,298.47,2387.74,CUST9525
TXN000358,2025-07-11,Colombo,Toothpaste,Personal Care,8,192.82,1542.58,CUST8908
TXN000359,2025-07-11,Colombo,Vegetables,Produce,5,119.17,595.87,CUST6359
TXN000360,2025-07-11,Colombo,Vegetables,Produce,6,118.3,709.82,CUST2160
TXN000361,2025-07-11,Colombo,Shampoo,Personal Care,5,336.89,1684.46,CUST2332
TXN000362,2025-07-11,Colombo,Rice,Grains,9,154.86,1393.72,CUST6843
TXN000363,2025-07-11,Colombo,Soap,Personal Care,3,85.97,257.9,CUST2005
TXN000364,2025-07-11,Colombo,Rice,Grains,6,156.31,937.86,CUST6554
TXN000365,2025-07-11,Colombo,Bread,Bakery,2,80.4,160.8,CUST2825
TXN000366,2025-07-11,Colombo,Bread,Bakery,2,83.6,167.2,CUST4690
TXN000367,2025-07-11,Colombo,Bread,Bakery,8,82.42,659.39,CUST6810
TXN000368,2025-07-11,Galle,Chicken,Meat,4,680.11,2720.45,CUST3521
TXN000369,2025-07-11,Galle,Rice,Grains,9,155.46,1399.14,CUST2324
TXN000370,2025-07-11,Galle,Fruits,Produce,7,189.85,1328.94,CUST4341
TXN000371,2025-07-11,Galle,Fruits,Produce,9,202.19,1819.7,CUST4530
TXN000372,2025-07-11,Galle,Bread,Bakery,6,78.49,470.96,CUST1959
TXN000373,2025-07-11,Galle,Chicken,Meat,2,707.91,1415.82,CUST8026
TXN000374,2025-07-11,Galle,Fish,Seafood,4,789.3,3157.19,CUST5292
TXN000375,2025-07-11,Galle,Shampoo,Personal Care,2,290.14,580.27,CUST5256
TXN000376,2025-07-11,Galle,Rice,Grains,6,135.24,811.43,CUST1807
TXN000377,2025-07-11,Galle,Rice,Grains,7,136.64,956.51,CUST8668
TXN000378,2025-07-11,Galle,Vegetables,Produce,3,115.34,346.02,CUST2887
TXN000379,2025-07-11,Matara,Soap,Personal Care,5,101.44,507.18,CUST4647
TXN000380,2025-07-11,Matara,Soap,Personal Care,8,87.18,697.42,CUST3925
TXN000381,2025-07-11,Matara,Toothpaste,Personal Care,6,171.93,1031.56,CUST7883
TXN000382,2025-07-11,Matara,Chicken,Meat,6,600.67,3604.02,CUST3196
TXN000383,2025-07-11,Matara,Shampoo,Personal Care,9,300.82,2707.39,CUST6905
TXN000384,2025-07-12,Colombo,Rice,Grains,4,135.01,540.06,CUST3493
TXN000385,2025-07-12,Colombo,Fruits,Produce,5,210.16,1050.81,CUST6892
TXN000386,2025-07-12,Colombo,Shampoo,Personal Care,4,326.7,1306.78,CUST6675
TXN000387,2025-07-12,Colombo,Fruits,Produce,9,218.48,1966.31,CUST4353
TXN000388,2025-07-12,Colombo,Toothpaste,Personal Care,1,166.18,166.18,CUST3976
TXN000389,2025-07-12,Colombo,Soap,Personal Care,4,88.58,354.33,CUST7350
TXN000390,2025-07-12,Colombo,Bread,Bakery,5,82.63,413.16,CUST8748
TXN000391,2025-07-12,Colombo,Soap,Personal Care,6,90.94,545.66,CUST6724
TXN000392,2025-07-12,Colombo,Fruits,Produce,4,201.62,806.49,CUST5041
TXN000393,2025-07-12,Colombo,Rice,Grains,3,140.72,422.16,CUST8503
TXN000394,2025-07-12,Colombo,Toothpaste,Personal Care,9,193.46,1741.11,CUST5460
TXN000395,2025-07-12,Colombo,Shampoo,Personal Care,6,296.36,1778.14,CUST8662
TXN000396,2025-07-12,Colombo,Soap,Personal Care,6,96.57,579.42,CUST6763
TXN000397,2025-07-12,Colombo,Rice,Grains,9,154.06,1386.52,CUST1298
TXN000398,2025-07-12,Colombo,Fish,Seafood,6,839.66,5037.96,CUST4952
TXN000399,2025-07-12,Colombo,Soap,Personal Care,6,93.18,559.1,CUST9529
TXN000400,2025-07-12,Colombo,Bread,Bakery,7,86.8,607.59,CUST6776
TXN000401,2025-07-12,Colombo,Vegetables,Produce,6,120.17,721.0,CUST3298
TXN000402,2025-07-12,Colombo,Chicken,Meat,8,600.33,4802.64,CUST4157
TXN000403,2025-07-12,Galle,Milk,Dairy,4,278.27,1113.07,CUST1214
TXN000404,2025-07-12,Galle,Fruits,Produce,1,195.65,195.65,CUST2611
TXN000405,2025-07-12,Galle,Bread,Bakery,9,85.04,765.37,CUST2821
TXN000406,2025-07-12,Galle,Bread,Bakery,2,80.25,160.5,CUST4657
TXN000407,2025-07-12,Galle,Bread,Bakery,5,77.14,385.71,CUST6761
TXN000408,2025-07-12,Galle,Fish,Seafood,7,864.83,6053.78,CUST4122
TXN000409,2025-07-12,Galle,Fish,Seafood,5,773.69,3868.46,CUST9627
TXN000410,2025-07-12,Matara,Fish,Seafood,7,765.03,5355.19,CUST8079
TXN000411,2025-07-12,Matara,Shampoo,Personal Care,6,317.83,1907.0,CUST2022
TXN000412,2025-07-12,Matara,Milk,Dairy,1,278.19,278.19,CUST3788
TXN000413,2025-07-12,Matara,Chicken,Meat,7,621.08,4347.53,CUST6582
TXN000414,2025-07-12,Matara,Fish,Seafood,8,824.15,6593.19,CUST9709
TXN000415,2025-07-12,Matara,Rice,Grains,6,149.69,898.17,CUST7682
TXN000416,2025-07-12,Matara,Toothpaste,Personal Care,9,196.05,1764.42,CUST6268
TXN000417,2025-07-12,Matara,Fish,Seafood,9,741.41,6672.65,CUST2346
TXN000418,2025-07-12,Matara,Milk,Dairy,7,290.63,2034.41,CUST2411
TXN000419,2025-07-12,Matara,Rice,Grains,7,137.08,959.59,CUST5874
TXN000420,2025-07-12,Matara,Vegetables,Produce,5,124.54,622.7,CUST2435
TXN000421,2025-07-12,Matara,Vegetables,Produce,5,129.84,649.21,CUST5801
TXN000422,2025-07-12,Matara,Milk,Dairy,5,265.64,1328.2,CUST4889
TXN000423,2025-07-12,Matara,Chicken,Meat,5,676.73,3383.65,CUST6305
TXN000424,2025-07-12,Matara,Vegetables,Produce,5,125.66,628.3,CUST2582
TXN000425,2025-07-12,Matara,Milk,Dairy,9,257.28,2315.55,CUST9483
TXN000426,2025-07-13,Colombo,Chicken,Meat,8,711.56,5692.5,CUST5987
TXN000427,2025-07-13,Colombo,Milk,Dairy,3,262.32,786.96,CUST1282
TXN000428,2025-07-13,Colombo,Shampoo,Personal Care,3,350.81,1052.42,CUST1035
TXN000429,2025-07-13,Colombo,Fruits,Produce,4,216.07,864.27,CUST3497
TXN000430,2025-07-13,Colombo,Shampoo,Personal Care,8,335.66,2685.32,CUST7508
TXN000431,2025-07-13,Colombo,Milk,Dairy,3,271.03,813.09,CUST3118
TXN000432,2025-07-13,Colombo,Toothpaste,Personal Care,5,194.09,970.44,CUST1816
TXN000433,2025-07-13,Colombo,Rice,Grains,6,151.1,906.63,CUST4985
TXN000434,2025-07-13,Colombo,Fish,Seafood,1,842.85,842.85,CUST7236
TXN000435,2025-07-13,Colombo,Fish,Seafood,5,725.37,3626.83,CUST2667
TXN000436,2025-07-13,Colombo,Soap,Personal Care,9,99.12,892.05,CUST7937
TXN000437,2025-07-13,Colombo,Soap,Personal Care,6,100.67,603.99,CUST7586
TXN000438,2025-07-13,Colombo,Shampoo,Personal Care,2,308.06,616.12,CUST2593
TXN000439,2025-07-13,Colombo,Vegetables,Produce,2,119.23,238.46,CUST5841
TXN000440,2025-07-13,Colombo,Toothpaste,Personal Care,2,177.03,354.06,CUST8671
TXN000441,2025-07-13,Colombo,Fish,Seafood,6,789.59,4737.55,CUST5344
TXN000442,2025-07-13,Colombo,Fish,Seafood,1,772.16,772.16,CUST1525
TXN000443,2025-07-13,Galle,Toothpaste,Personal Care,6,182.14,1092.86,CUST2425
TXN000444,2025-07-13,Galle,Milk,Dairy,2,288.31,576.63,CUST1927
TXN000445,2025-07-13,Galle,Bread,Bakery,9,83.65,752.83,CUST2256
TXN000446,2025-07-13,Galle,Chicken,Meat,6,612.88,3677.31,CUST4299
TXN000447,2025-07-13,Galle,Bread,Bakery,4,88.51,354.03,CUST6574
TXN000448,2025-07-13,Galle,Fish,Seafood,1,805.44,805.44,CUST9529
TXN000449,2025-07-13,Galle,Fish,Seafood,2,844.31,1688.63,CUST1033
TXN000450,2025-07-13,Galle,Soap,Personal Care,8,99.48,795.84,CUST4130
TXN000451,2025-07-13,Galle,Shampoo,Personal Care,5,299.99,1499.97,CUST1334
TXN000452,2025-07-13,Galle,Toothpaste,Personal Care,9,173.91,1565.21,CUST9726
TXN000453,2025-07-13,Galle,Vegetables,Produce,7,108.73,761.14,CUST2712
TXN000454,2025-07-13,Galle,Soap,Personal Care,2,90.45,180.9,CUST3882
TXN000455,2025-07-13,Matara,Toothpaste,Personal Care,7,194.0,1358.01,CUST1618
TXN000456,2025-07-13,Matara,Bread,Bakery,2,81.08,162.16,CUST7024
TXN000457,2025-07-13,Matara,Shampoo,Personal Care,8,343.77,2750.14,CUST2146
TXN000458,2025-07-13,Matara,Shampoo,Personal Care,5,317.48,1587.41,CUST9745
TXN000459,2025-07-13,Matara,Fruits,Produce,2,202.69,405.39,CUST4097
TXN000460,2025-07-13,Matara,Chicken,Meat,1,639.85,639.85,CUST2618
TXN000461,2025-07-13,Matara,Vegetables,Produce,6,125.99,755.97,CUST9756
TXN000462,2025-07-13,Matara,Chicken,Meat,4,636.21,2544.85,CUST9773
TXN000463,2025-07-14,Colombo,Rice,Grains,9,159.2,1432.78,CUST7676
TXN000464,2025-07-14,Colombo,Milk,Dairy,6,303.57,1821.4,CUST4405
TXN000465,2025-07-14,Colombo,Fruits,Produce,2,219.1,438.19,CUST8951
TXN000466,2025-07-14,Colombo,Soap,Personal Care,1,101.9,101.9,CUST6922
TXN000467,2025-07-14,Colombo,Rice,Grains,6,164.54,987.23,CUST2554
TXN000468,2025-07-14,Colombo,Shampoo,Personal Care,6,308.09,1848.55,CUST7563
TXN000469,2025-07-14,Colombo,Soap,Personal Care,5,92.79,463.93,CUST6996
TXN000470,2025-07-14,Colombo,Milk,Dairy,6,282.52,1695.1,CUST5979
TXN000471,2025-07-14,Colombo,Chicken,Meat,3,683.55,2050.64,CUST4000
TXN000472,2025-07-14,Colombo,Fish,Seafood,9,859.39,7734.53,CUST6869
TXN000473,2025-07-14,Colombo,Vegetables,Produce,8,118.23,945.88,CUST1100
TXN000474,2025-07-14,Colombo,Shampoo,Personal Care,7,319.37,2235.58,CUST2383
TXN000475,2025-07-14,Colombo,Chicken,Meat,7,642.15,4495.06,CUST7089
TXN000476,2025-07-14,Colombo,Fruits,Produce,4,197.39,789.55,CUST5630
TXN000477,2025-07-14,Galle,Soap,Personal Care,3,104.04,312.13,CUST7904
TXN000478,2025-07-14,Galle,Fruits,Produce,8,207.39,1659.13,CUST4529
TXN000479,2025-07-14,Galle,Toothpaste,Personal Care,5,197.77,988.87,CUST1000
TXN000480,2025-07-14,Galle,Vegetables,Produce,8,128.96,1031.64,CUST4400
TXN000481,2025-07-14,Galle,Bread,Bakery,3,79.96,239.88,CUST9491
TXN000482,2025-07-14,Galle,Vegetables,Produce,4,108.75,435.01,CUST8615
TXN000483,2025-07-14,Galle,Fish,Seafood,3,774.05,2322.14,CUST3209
TXN000484,2025-07-14,Galle,Toothpaste,Personal Care,1,167.34,167.34,CUST4079
TXN000485,2025-07-14,Galle,Fish,Seafood,2,728.54,1457.08,CUST6207
TXN000486,2025-07-14,Galle,Soap,Personal Care,4,91.25,365.01,CUST8290
TXN000487,2025-07-14,Galle,Toothpaste,Personal Care,1,188.61,188.61,CUST5684
TXN000488,2025-07-14,Galle,Soap,Personal Care,7,99.07,693.5,CUST8267
TXN000489,2025-07-14,Galle,Fish,Seafood,3,797.19,2391.58,CUST4518
TXN000490,2025-07-14,Galle,Soap,Personal Care,7,92.91,650.36,CUST1287
TXN000491,2025-07-14,Galle,Fruits,Produce,5,188.09,940.43,CUST1829
TXN000492,2025-07-14,Galle,Fruits,Produce,4,189.17,756.68,CUST7119
TXN000493,2025-07-14,Galle,Bread,Bakery,5,80.45,402.27,CUST9850
TXN000494,2025-07-14,Matara,Soap,Personal Care,3,98.88,296.64,CUST6096
TXN000495,2025-07-14,Matara,Soap,Personal Care,7,87.22,610.51,CUST4882
TXN000496,2025-07-14,Matara,Toothpaste,Personal Care,5,179.53,897.67,CUST5207
TXN000497,2025-07-14,Matara,Milk,Dairy,6,288.18,1729.06,CUST2015
TXN000498,2025-07-14,Matara,Milk,Dairy,8,307.56,2460.47,CUST7613
TXN000499,2025-07-14,Matara,Chicken,Meat,1,674.0,674.0,CUST7522
TXN000500,2025-07-14,Matara,Bread,Bakery,3,78.07,234.2,CUST2950
TXN000501,2025-07-14,Matara,Milk,Dairy,5,265.46,1327.32,CUST5778
TXN000502,2025-07-14,Matara,Fruits,Produce,9,197.45,1777.09,CUST7093
TXN000503,2025-07-14,Matara,Fruits,Produce,7,183.83,1286.81,CUST9165
TXN000504,2025-07-14,Matara,Shampoo,Personal Care,9,295.84,2662.54,CUST6143
TXN000505,2025-07-14,Matara,Chicken,Meat,8,676.95,5415.61,CUST8767
TXN000506,2025-07-14,Matara,Fruits,Produce,1,211.86,211.86,CUST4217
TXN000507,2025-07-14,Matara,Bread,Bakery,2,89.6,179.19,CUST9444
TXN000508,2025-07-14,Matara,Milk,Dairy,5,261.59,1307.93,CUST1118
TXN000509,2025-07-14,Matara,Shampoo,Personal Care,3,320.03,960.09,CUST7092
TXN000510,2025-07-14,Matara,Fish,Seafood,2,729.5,1459.0,CUST5764
TXN000511,2025-07-15,Colombo,Fish,Seafood,9,836.69,7530.23,CUST4832
TXN000512,2025-07-15,Colombo,Vegetables,Produce,6,127.78,766.68,CUST6034
TXN000513,2025-07-15,Colombo,Toothpaste,Personal Care,4,189.7,758.81,CUST6915
TXN000514,2025-07-15,Colombo,Rice,Grains,1,137.05,137.05,CUST7923
TXN000515,2025-07-15,Colombo,Rice,Grains,1,150.03,150.03,CUST4771
TXN000516,2025-07-15,Colombo,Fruits,Produce,4,184.02,736.06,CUST2411
TXN000517,2025-07-15,Colombo,Shampoo,Personal Care,2,330.35,660.7,CUST7496
TXN000518,2025-07-15,Colombo,Milk,Dairy,2,291.49,582.99,CUST2716
TXN000519,2025-07-15,Colombo,Fruits,Produce,7,180.17,1261.22,CUST5096
TXN000520,2025-07-15,Colombo,Toothpaste,Personal Care,9,184.05,1656.44,CUST6998
TXN000521,2025-07-15,Colombo,Vegetables,Produce,7,131.84,922.91,CUST1986
TXN000522,2025-07-15,Colombo,Shampoo,Personal Care,2,309.48,618.95,CUST4805
TXN000523,2025-07-15,Colombo,Shampoo,Personal Care,1,339.5,339.5,CUST3599
TXN000524,2025-07-15,Colombo,Toothpaste,Personal Care,7,163.58,1145.06,CUST6135
TXN000525,2025-07-15,Colombo,Toothpaste,Personal Care,1,175.54,175.54,CUST2160
TXN000526,2025-07-15,Colombo,Soap,Personal Care,4,103.25,412.98,CUST2843
TXN000527,2025-07-15,Colombo,Fish,Seafood,3,806.59,2419.78,CUST6500
TXN000528,2025-07-15,Galle,Bread,Bakery,5,87.67,438.37,CUST7969
TXN000529,2025-07-15,Galle,Fruits,Produce,8,190.21,1521.71,CUST2956
TXN000530,2025-07-15,Galle,Fish,Seafood,5,864.91,4324.56,CUST3841
TXN000531,2025-07-15,Galle,Fish,Seafood,3,748.59,2245.76,CUST9845
TXN000532,2025-07-15,Galle,Shampoo,Personal Care,8,298.48,2387.84,CUST1701
TXN000533,2025-07-15,Galle,Chicken,Meat,8,629.34,5034.7,CUST7762
TXN000534,2025-07-15,Galle,Soap,Personal Care,5,92.86,464.3,CUST3295
TXN000535,2025-07-15,Galle,Rice,Grains,9,146.07,1314.64,CUST7946
TXN000536,2025-07-15,Galle,Toothpaste,Personal Care,6,179.04,1074.23,CUST6725
TXN000537,2025-07-15,Galle,Milk,Dairy,3,293.41,880.23,CUST6897
TXN000538,2025-07-15,Galle,Fish,Seafood,6,735.81,4414.86,CUST5366
TXN000539,2025-07-15,Galle,Soap,Personal Care,6,88.82,532.93,CUST2036
TXN000540,2025-07-15,Galle,Fruits,Produce,5,188.72,943.59,CUST7083
TXN000541,2025-07-15,Galle,Milk,Dairy,6,277.81,1666.83,CUST8306
TXN000542,2025-07-15,Galle,Rice,Grains,5,154.83,774.17,CUST2170
TXN000543,2025-07-15,Galle,Bread,Bakery,3,92.94,278.82,CUST2480
TXN000544,2025-07-15,Galle,Chicken,Meat,1,637.11,637.11,CUST8717
TXN000545,2025-07-15,Galle,Fruits,Produce,5,206.19,1030.97,CUST5776
TXN000546,2025-07-15,Galle,Bread,Bakery,7,78.48,549.39,CUST4522
TXN000547,2025-07-15,Matara,Chicken,Meat,3,634.92,1904.76,CUST9955
TXN000548,2025-07-15,Matara,Fruits,Produce,5,219.03,1095.17,CUST7246
TXN000549,2025-07-15,Matara,Toothpaste,Personal Care,2,163.26,326.52,CUST4573
TXN000550,2025-07-15,Matara,Shampoo,Personal Care,6,293.71,1762.26,CUST9513
TXN000551,2025-07-15,Matara,Soap,Personal Care,5,99.69,498.46,CUST6316
TXN000552,2025-07-15,Matara,Soap,Personal Care,6,93.65,561.92,CUST2943
TXN000553,2025-07-15,Matara,Toothpaste,Personal Care,6,188.88,1133.25,CUST2347
TXN000554,2025-07-15,Matara,Shampoo,Personal Care,7,298.37,2088.6,CUST6425
TXN000555,2025-07-16,Colombo,Fish,Seafood,4,839.3,3357.21,CUST5193
TXN000556,2025-07-16,Colombo,Toothpaste,Personal Care,3,177.54,532.61,CUST4664
TXN000557,2025-07-16,Colombo,Fruits,Produce,8,200.96,1607.66,CUST3094
TXN000558,2025-07-16,Colombo,Toothpaste,Personal Care,5,193.71,968.53,CUST9915
TXN000559,2025-07-16,Colombo,Milk,Dairy,2,278.89,557.78,CUST6096
TXN000560,2025-07-16,Colombo,Milk,Dairy,7,295.26,2066.83,CUST3010
TXN000561,2025-07-16,Colombo,Rice,Grains,6,152.69,916.14,CUST1032
TXN000562,2025-07-16,Colombo,Rice,Grains,3,144.43,433.3,CUST9225
TXN000563,2025-07-16,Colombo,Fruits,Produce,6,206.07,1236.41,CUST6754
TXN000564,2025-07-16,Colombo,Rice,Grains,4,155.51,622.05,CUST7742
TXN000565,2025-07-16,Colombo,Soap,Personal Care,3,85.59,256.77,CUST4136
TXN000566,2025-07-16,Colombo,Bread,Bakery,3,80.67,242.0,CUST2176
TXN000567,2025-07-16,Colombo,Bread,Bakery,7,85.09,595.66,CUST1794
TXN000568,2025-07-16,Galle,Fish,Seafood,3,756.13,2268.4,CUST8497
TXN000569,2025-07-16,Galle,Rice,Grains,8,143.96,1151.71,CUST5763
TXN000570,2025-07-16,Galle,Soap,Personal Care,3,102.53,307.6,CUST2628
TXN000571,2025-07-16,Galle,Bread,Bakery,3,79.37,238.1,CUST5139
TXN000572,2025-07-16,Galle,Bread,Bakery,6,87.38,524.27,CUST8137
TXN000573,2025-07-16,Galle,Bread,Bakery,9,79.6,716.38,CUST6018
TXN000574,2025-07-16,Galle,Chicken,Meat,1,679.41,679.41,CUST5694
TXN000575,2025-07-16,Galle,Shampoo,Personal Care,9,317.52,2857.68,CUST5314
TXN000576,2025-07-16,Galle,Milk,Dairy,4,297.98,1191.9,CUST1293
TXN000577,2025-07-16,Galle,Fish,Seafood,1,746.08,746.08,CUST7213
TXN000578,2025-07-16,Galle,Fish,Seafood,8,869.49,6955.89,CUST2129
TXN000579,2025-07-16,Galle,Milk,Dairy,3,287.93,863.8,CUST4694
TXN000580,2025-07-16,Galle,Fruits,Produce,6,209.77,1258.6,CUST5447
TXN000581,2025-07-16,Matara,Bread,Bakery,7,84.22,589.57,CUST9819
TXN000582,2025-07-16,Matara,Fruits,Produce,5,210.73,1053.64,CUST9148
TXN000583,2025-07-16,Matara,Soap,Personal Care,1,100.94,100.94,CUST6096
TXN000584,2025-07-16,Matara,Fruits,Produce,3,184.06,552.19,CUST8411
TXN000585,2025-07-16,Matara,Vegetables,Produce,9,124.78,1123.05,CUST1160
TXN000586,2025-07-16,Matara,Fish,Seafood,1,851.38,851.38,CUST6465
TXN000587,2025-07-16,Matara,Milk,Dairy,3,277.18,831.55,CUST1644
TXN000588,2025-07-16,Matara,Chicken,Meat,4,602.96,2411.85,CUST2360
TXN000589,2025-07-16,Matara,Chicken,Meat,5,701.01,3505.05,CUST9056
TXN000590,2025-07-16,Matara,Milk,Dairy,3,290.94,872.82,CUST9242
TXN000591,2025-07-16,Matara,Toothpaste,Personal Care,6,166.74,1000.42,CUST8827
TXN000592,2025-07-17,Colombo,Milk,Dairy,5,306.08,1530.42,CUST9127
TXN000593,2025-07-17,Colombo,Fish,Seafood,4,737.29,2949.15,CUST3009
TXN000594,2025-07-17,Colombo,Toothpaste,Personal Care,2,189.15,378.3,CUST1646
TXN000595,2025-07-17,Colombo,Fruits,Produce,8,204.57,1636.54,CUST1342
TXN000596,2025-07-17,Colombo,Bread,Bakery,5,81.71,408.53,CUST4725
TXN000597,2025-07-17,Colombo,Rice,Grains,3,156.2,468.6,CUST6940
TXN000598,2025-07-17,Colombo,Shampoo,Personal Care,7,323.14,2261.99,CUST5539
TXN000599,2025-07-17,Colombo,Vegetables,Produce,1,111.4,111.4,CUST9429
TXN000600,2025-07-17,Colombo,Soap,Personal Care,3,99.19,297.57,CUST2763
TXN000601,2025-07-17,Colombo,Fish,Seafood,6,872.29,5233.76,CUST8567
TXN000602,2025-07-17,Colombo,Bread,Bakery,7,82.5,577.53,CUST2143
TXN000603,2025-07-17,Colombo,Bread,Bakery,7,84.4,590.79,CUST8226
TXN000604,2025-07-17,Colombo,Vegetables,Produce,1,125.52,125.52,CUST2128
TXN000605,2025-07-17,Galle,Milk,Dairy,2,261.61,523.21,CUST3307
TXN000606,2025-07-17,Galle,Rice,Grains,4,158.39,633.56,CUST9036
TXN000607,2025-07-17,Galle,Fish,Seafood,3,721.2,2163.6,CUST1501
TXN000608,2025-07-17,Galle,Chicken,Meat,6,607.61,3645.68,CUST7055
TXN000609,2025-07-17,Galle,Bread,Bakery,1,86.7,86.7,CUST2466
TXN000610,2025-07-17,Galle,Chicken,Meat,6,666.3,3997.78,CUST4273
TXN000611,2025-07-17,Galle,Chicken,Meat,4,590.26,2361.05,CUST7578
TXN000612,2025-07-17,Galle,Vegetables,Produce,2,115.11,230.21,CUST1808
TXN000613,2025-07-17,Galle,Vegetables,Produce,1,110.67,110.67,CUST9890
TXN000614,2025-07-17,Galle,Soap,Personal Care,8,96.3,770.4,CUST6378
TXN000615,2025-07-17,Galle,Shampoo,Personal Care,1,323.34,323.34,CUST4144
TXN000616,2025-07-17,Galle,Bread,Bakery,5,78.32,391.6,CUST8228
TXN000617,2025-07-17,Galle,Shampoo,Personal Care,6,338.36,2030.13,CUST6129
TXN000618,2025-07-17,Galle,Shampoo,Personal Care,9,311.5,2803.5,CUST9926
TXN000619,2025-07-17,Galle,Fish,Seafood,3,738.22,2214.65,CUST6662
TXN000620,2025-07-17,Galle,Fruits,Produce,3,219.86,659.59,CUST8154
TXN000621,2025-07-17,Matara,Vegetables,Produce,4,131.41,525.62,CUST5086
TXN000622,2025-07-17,Matara,Soap,Personal Care,3,88.17,264.51,CUST2807
TXN000623,2025-07-17,Matara,Fruits,Produce,4,189.65,758.58,CUST9783
TXN000624,2025-07-17,Matara,Soap,Personal Care,8,95.16,761.31,CUST2129
TXN000625,2025-07-17,Matara,Chicken,Meat,3,627.29,1881.87,CUST9921
TXN000626,2025-07-17,Matara,Soap,Personal Care,9,95.99,863.89,CUST6898
TXN000627,2025-07-17,Matara,Fish,Seafood,2,843.22,1686.45,CUST6070
TXN000628,2025-07-17,Matara,Toothpaste,Personal Care,8,182.06,1456.5,CUST5163
TXN000629,2025-07-17,Matara,Fruits,Produce,4,210.22,840.86,CUST1862
TXN000630,2025-07-17,Matara,Bread,Bakery,2,76.65,153.29,CUST3586
TXN000631,2025-07-17,Matara,Soap,Personal Care,3,91.24,273.72,CUST7943
TXN000632,2025-07-17,Matara,Fish,Seafood,7,865.81,6060.67,CUST8301
TXN000633,2025-07-17,Matara,Toothpaste,Personal Care,5,166.43,832.13,CUST3308
TXN000634,2025-07-17,Matara,Rice,Grains,1,146.84,146.84,CUST9447
TXN000635,2025-07-18,Colombo,Rice,Grains,2,142.19,284.39,CUST6912
TXN000636,2025-07-18,Colombo,Bread,Bakery,1,76.77,76.77,CUST6648
TXN000637,2025-07-18,Colombo,Rice,Grains,6,152.15,912.88,CUST3231
TXN000638,2025-07-18,Colombo,Rice,Grains,3,144.5,433.5,CUST1054
TXN000639,2025-07-18,Colombo,Bread,Bakery,7,87.37,611.59,CUST8713
TXN000640,2025-07-18,Colombo,Toothpaste,Personal Care,6,176.95,1061.69,CUST2291
TXN000641,2025-07-18,Colombo,Chicken,Meat,6,662.2,3973.2,CUST8575
TXN000642,2025-07-18,Colombo,Toothpaste,Personal Care,6,191.22,1147.34,CUST4817
TXN000643,2025-07-18,Colombo,Toothpaste,Personal Care,9,162.89,1466.0,CUST4294
TXN000644,2025-07-18,Colombo,Toothpaste,Personal Care,4,197.41,789.64,CUST8867
TXN000645,2025-07-18,Colombo,Soap,Personal Care,2,100.81,201.61,CUST2368
TXN000646,2025-07-18,Colombo,Soap,Personal Care,9,99.31,893.81,CUST5687
TXN000647,2025-07-18,Galle,Toothpaste,Personal Care,8,173.98,1391.82,CUST7524
TXN000648,2025-07-18,Galle,Milk,Dairy,1,274.95,274.95,CUST6741
TXN000649,2025-07-18,Galle,Shampoo,Personal Care,5,315.26,1576.31,CUST5234
TXN000650,2025-07-18,Galle,Shampoo,Personal Care,4,332.11,1328.45,CUST9360
TXN000651,2025-07-18,Galle,Vegetables,Produce,2,109.87,219.74,CUST7076
TXN000652,2025-07-18,Galle,Rice,Grains,7,149.53,1046.73,CUST3982
TXN000653,2025-07-18,Galle,Fish,Seafood,9,801.37,7212.35,CUST2879
TXN000654,2025-07-18,Galle,Chicken,Meat,2,606.76,1213.53,CUST2474
TXN000655,2025-07-18,Galle,Toothpaste,Personal Care,9,194.84,1753.54,CUST6071
TXN000656,2025-07-18,Galle,Milk,Dairy,6,302.08,1812.48,CUST8721
TXN000657,2025-07-18,Matara,Fish,Seafood,9,838.73,7548.6,CUST9886
TXN000658,2025-07-18,Matara,Toothpaste,Personal Care,5,196.73,983.64,CUST7517
TXN000659,2025-07-18,Matara,Toothpaste,Personal Care,7,179.01,1253.07,CUST3461
TXN000660,2025-07-18,Matara,Bread,Bakery,7,86.89,608.22,CUST2765
TXN000661,2025-07-18,Matara,Shampoo,Personal Care,1,296.51,296.51,CUST1412
TXN000662,2025-07-18,Matara,Fish,Seafood,1,724.9,724.9,CUST9137
TXN000663,2025-07-18,Matara,Toothpaste,Personal Care,8,175.84,1406.7,CUST4514
TXN000664,2025-07-18,Matara,Shampoo,Personal Care,5,290.32,1451.59,CUST7197
TXN000665,2025-07-18,Matara,Fruits,Produce,6,191.06,1146.33,CUST4286
TXN000666,2025-07-18,Matara,Rice,Grains,4,149.69,598.75,CUST5911
TXN000667,2025-07-18,Matara,Fish,Seafood,8,810.46,6483.69,CUST7152
TXN000668,2025-07-18,Matara,Bread,Bakery,4,83.56,334.26,CUST6263
TXN000669,2025-07-19,Colombo,Fruits,Produce,2,192.97,385.95,CUST6036
TXN000670,2025-07-19,Colombo,Shampoo,Personal Care,4,330.84,1323.38,CUST7427
TXN000671,2025-07-19,Colombo,Bread,Bakery,4,91.52,366.07,CUST5283
TXN000672,2025-07-19,Colombo,Vegetables,Produce,8,117.64,941.13,CUST9242
TXN000673,2025-07-19,Colombo,Rice,Grains,9,144.91,1304.21,CUST5941
TXN000674,2025-07-19,Colombo,Rice,Grains,3,163.51,490.53,CUST9559
TXN000675,2025-07-19,Colombo,Chicken,Meat,7,616.54,4315.75,CUST7027
TXN000676,2025-07-19,Colombo,Toothpaste,Personal Care,2,194.64,389.29,CUST1866
TXN000677,2025-07-19,Colombo,Bread,Bakery,4,84.09,336.37,CUST6724
TXN000678,2025-07-19,Colombo,Shampoo,Personal Care,1,298.02,298.02,CUST5336
TXN000679,2025-07-19,Colombo,Chicken,Meat,5,663.04,3315.2,CUST6378
TXN000680,2025-07-19,Colombo,Fish,Seafood,5,797.94,3989.68,CUST4144
TXN000681,2025-07-19,Colombo,Bread,Bakery,8,77.63,621.01,CUST5005
TXN000682,2025-07-19,Galle,Milk,Dairy,7,292.57,2048.01,CUST4999
TXN000683,2025-07-19,Galle,Fruits,Produce,8,210.68,1685.46,CUST4476
TXN000684,2025-07-19,Galle,Soap,Personal Care,5,89.66,448.3,CUST9075
TXN000685,2025-07-19,Galle,Milk,Dairy,9,260.11,2341.02,CUST5560
TXN000686,2025-07-19,Galle,Shampoo,Personal Care,3,326.16,978.49,CUST2415
TXN000687,2025-07-19,Galle,Milk,Dairy,6,274.85,1649.07,CUST8584
TXN000688,2025-07-19,Galle,Toothpaste,Personal Care,7,182.1,1274.69,CUST3949
TXN000689,2025-07-19,Galle,Milk,Dairy,8,276.2,2209.58,CUST6770
TXN000690,2025-07-19,Galle,Fish,Seafood,9,721.69,6495.19,CUST3938
TXN000691,2025-07-19,Galle,Vegetables,Produce,1,120.42,120.42,CUST3942
TXN000692,2025-07-19,Galle,Vegetables,Produce,2,121.96,243.91,CUST4487
TXN000693,2025-07-19,Galle,Soap,Personal Care,2,87.74,175.47,CUST2510
TXN000694,2025-07-19,Galle,Soap,Personal Care,9,99.57,896.17,CUST7070
TXN000695,2025-07-19,Galle,Shampoo,Personal Care,2,325.37,650.73,CUST7218
TXN000696,2025-07-19,Galle,Fish,Seafood,4,819.71,3278.82,CUST9638
TXN000697,2025-07-19,Galle,Fish,Seafood,2,736.31,1472.62,CUST6328
TXN000698,2025-07-19,Galle,Fish,Seafood,6,878.32,5269.93,CUST1048
TXN000699,2025-07-19,Matara,Chicken,Meat,5,597.85,2989.27,CUST7928
TXN000700,2025-07-19,Matara,Chicken,Meat,4,620.89,2483.58,CUST2982
TXN000701,2025-07-19,Matara,Vegetables,Produce,1,117.61,117.61,CUST8606
TXN000702,2025-07-19,Matara,Toothpaste,Personal Care,7,170.54,1193.76,CUST2342
TXN000703,2025-07-19,Matara,Milk,Dairy,7,307.11,2149.79,CUST2229
TXN000704,2025-07-19,Matara,Shampoo,Personal Care,7,303.17,2122.17,CUST7272
TXN000705,2025-07-19,Matara,Rice,Grains,7,136.97,958.81,CUST9113
TXN000706,2025-07-19,Matara,Bread,Bakery,1,86.0,86.0,CUST7277
TXN000707,2025-07-19,Matara,Rice,Grains,2,160.86,321.72,CUST9683
TXN000708,2025-07-19,Matara,Toothpaste,Personal Care,7,193.97,1357.79,CUST7926
TXN000709,2025-07-19,Matara,Vegetables,Produce,4,129.41,517.63,CUST4920
TXN000710,2025-07-19,Matara,Chicken,Meat,8,597.74,4781.92,CUST6430
TXN000711,2025-07-19,Matara,Bread,Bakery,9,92.45,832.02,CUST9001
TXN000712,2025-07-19,Matara,Fish,Seafood,6,795.36,4772.15,CUST1820
TXN000713,2025-07-19,Matara,Milk,Dairy,1,303.49,303.49,CUST9866
TXN000714,2025-07-19,Matara,Fruits,Produce,2,205.03,410.06,CUST7827
TXN000715,2025-07-20,Colombo,Bread,Bakery,4,79.7,318.79,CUST6760
TXN000716,2025-07-20,Colombo,Bread,Bakery,4,83.22,332.89,CUST8530
TXN000717,2025-07-20,Colombo,Fruits,Produce,9,196.93,1772.35,CUST8755
TXN000718,2025-07-20,Colombo,Rice,Grains,2,136.15,272.31,CUST3193
TXN000719,2025-07-20,Colombo,Shampoo,Personal Care,6,295.07,1770.45,CUST1708
TXN000720,2025-07-20,Colombo,Bread,Bakery,6,88.34,530.02,CUST4116
TXN000721,2025-07-20,Colombo,Shampoo,Personal Care,2,345.83,691.67,CUST3312
TXN000722,2025-07-20,Colombo,Rice,Grains,9,160.99,1448.92,CUST7282
TXN000723,2025-07-20,Colombo,Fish,Seafood,7,856.3,5994.07,CUST4958
TXN000724,2025-07-20,Colombo,Fish,Seafood,6,773.13,4638.75,CUST9790
TXN000725,2025-07-20,Colombo,Chicken,Meat,7,637.5,4462.53,CUST7538
TXN000726,2025-07-20,Colombo,Toothpaste,Personal Care,2,176.72,353.45,CUST5859
TXN000727,2025-07-20,Galle,Shampoo,Personal Care,2,310.62,621.24,CUST8282
TXN000728,2025-07-20,Galle,Soap,Personal Care,1,102.33,102.33,CUST7998
TXN000729,2025-07-20,Galle,Milk,Dairy,1,282.53,282.53,CUST2000
TXN000730,2025-07-20,Galle,Toothpaste,Personal Care,4,166.98,667.94,CUST3476
TXN000731,2025-07-20,Galle,Shampoo,Personal Care,2,350.67,701.33,CUST9715
TXN000732,2025-07-20,Galle,Rice,Grains,8,143.56,1148.5,CUST4153
TXN000733,2025-07-20,Galle,Vegetables,Produce,4,108.76,435.02,CUST8512
TXN000734,2025-07-20,Galle,Fruits,Produce,6,190.79,1144.76,CUST3800
TXN000735,2025-07-20,Galle,Vegetables,Produce,9,121.29,1091.65,CUST4529
TXN000736,2025-07-20,Galle,Shampoo,Personal Care,1,328.87,328.87,CUST1557
TXN000737,2025-07-20,Galle,Toothpaste,Personal Care,6,195.01,1170.04,CUST9383
TXN000738,2025-07-20,Galle,Shampoo,Personal Care,8,290.29,2322.3,CUST4854
TXN000739,2025-07-20,Galle,Milk,Dairy,9,306.67,2759.99,CUST5435
TXN000740,2025-07-20,Matara,Toothpaste,Personal Care,1,177.28,177.28,CUST5430
TXN000741,2025-07-20,Matara,Chicken,Meat,2,697.69,1395.38,CUST2184
TXN000742,2025-07-20,Matara,Milk,Dairy,8,268.16,2145.3,CUST8507
TXN000743,2025-07-20,Matara,Vegetables,Produce,8,130.8,1046.4,CUST9547
TXN000744,2025-07-20,Matara,Fish,Seafood,9,737.45,6637.05,CUST3963
TXN000745,2025-07-20,Matara,Milk,Dairy,8,255.71,2045.65,CUST3050
TXN000746,2025-07-20,Matara,Shampoo,Personal Care,5,328.1,1640.51,CUST5623
TXN000747,2025-07-20,Matara,Bread,Bakery,6,76.62,459.74,CUST6785
TXN000748,2025-07-20,Matara,Fruits,Produce,1,204.63,204.63,CUST3783
TXN000749,2025-07-20,Matara,Soap,Personal Care,8,101.91,815.32,CUST7728
TXN000750,2025-07-21,Colombo,Rice,Grains,3,153.66,460.97,CUST2886
TXN000751,2025-07-21,Colombo,Soap,Personal Care,7,98.06,686.42,CUST6120
TXN000752,2025-07-21,Colombo,Chicken,Meat,1,644.28,644.28,CUST4145
TXN000753,2025-07-21,Colombo,Toothpaste,Personal Care,6,178.61,1071.67,CUST9318
TXN000754,2025-07-21,Colombo,Fruits,Produce,5,208.8,1044.01,CUST9493
TXN000755,2025-07-21,Colombo,Vegetables,Produce,7,130.18,911.26,CUST8809
TXN000756,2025-07-21,Colombo,Fish,Seafood,6,879.87,5279.23,CUST9238
TXN000757,2025-07-21,Colombo,Vegetables,Produce,2,110.18,220.36,CUST7057
TXN000758,2025-07-21,Colombo,Rice,Grains,1,138.38,138.38,CUST6261
TXN000759,2025-07-21,Colombo,Milk,Dairy,8,289.96,2319.7,CUST8707
TXN000760,2025-07-21,Colombo,Shampoo,Personal Care,9,342.06,3078.55,CUST3459
TXN000761,2025-07-21,Colombo,Shampoo,Personal Care,8,328.02,2624.13,CUST6767
TXN000762,2025-07-21,Colombo,Milk,Dairy,2,286.92,573.84,CUST5089
TXN000763,2025-07-21,Colombo,Chicken,Meat,2,691.98,1383.96,CUST4476
TXN000764,2025-07-21,Colombo,Soap,Personal Care,8,94.35,754.79,CUST2446
TXN000765,2025-07-21,Galle,Chicken,Meat,6,712.2,4273.22,CUST4191
TXN000766,2025-07-21,Galle,Shampoo,Personal Care,3,331.7,995.1,CUST1398
TXN000767,2025-07-21,Galle,Bread,Bakery,9,89.13,802.17,CUST3727
TXN000768,2025-07-21,Galle,Milk,Dairy,4,285.03,1140.13,CUST6728
TXN000769,2025-07-21,Galle,Fish,Seafood,3,879.32,2637.97,CUST2481
TXN000770,2025-07-21,Galle,Toothpaste,Personal Care,8,171.02,1368.18,CUST9974
TXN000771,2025-07-21,Galle,Shampoo,Personal Care,8,350.16,2801.25,CUST4706
TXN000772,2025-07-21,Galle,Bread,Bakery,1,89.17,89.17,CUST1178
TXN000773,2025-07-21,Galle,Soap,Personal Care,1,89.02,89.02,CUST2659
TXN000774,2025-07-21,Galle,Soap,Personal Care,6,96.12,576.72,CUST4268
TXN000775,2025-07-21,Galle,Fish,Seafood,8,772.59,6180.71,CUST3215
TXN000776,2025-07-21,Galle,Soap,Personal Care,6,92.15,552.88,CUST7443
TXN000777,2025-07-21,Galle,Shampoo,Personal Care,6,337.52,2025.12,CUST9554
TXN000778,2025-07-21,Galle,Chicken,Meat,5,662.44,3312.19,CUST9293
TXN000779,2025-07-21,Galle,Vegetables,Produce,5,118.45,592.26,CUST1519
TXN000780,2025-07-21,Galle,Chicken,Meat,5,661.37,3306.83,CUST1439
TXN000781,2025-07-21,Galle,Chicken,Meat,5,692.99,3464.97,CUST8419
TXN000782,2025-07-21,Galle,Bread,Bakery,9,77.44,696.93,CUST4244
TXN000783,2025-07-21,Matara,Chicken,Meat,9,690.7,6216.3,CUST7829
TXN000784,2025-07-21,Matara,Soap,Personal Care,9,98.29,884.58,CUST9180
TXN000785,2025-07-21,Matara,Chicken,Meat,9,660.55,5944.91,CUST9776
TXN000786,2025-07-21,Matara,Chicken,Meat,7,709.24,4964.71,CUST3383
TXN000787,2025-07-21,Matara,Rice,Grains,4,161.99,647.96,CUST6669
TXN000788,2025-07-21,Matara,Bread,Bakery,8,84.17,673.35,CUST4387
TXN000789,2025-07-21,Matara,Toothpaste,Personal Care,7,166.69,1166.85,CUST2953
TXN000790,2025-07-21,Matara,Shampoo,Personal Care,6,347.07,2082.45,CUST1327
TXN000791,2025-07-21,Matara,Soap,Personal Care,5,86.47,432.33,CUST5253
TXN000792,2025-07-21,Matara,Fish,Seafood,4,875.96,3503.86,CUST4912
TXN000793,2025-07-21,Matara,Fruits,Produce,4,198.4,793.6,CUST9877
TXN000794,2025-07-21,Matara,Shampoo,Personal Care,7,302.13,2114.93,CUST4482
TXN000795,2025-07-22,Colombo,Milk,Dairy,9,268.16,2413.44,CUST3544
TXN000796,2025-07-22,Colombo,Soap,Personal Care,8,89.94,719.51,CUST1535
TXN000797,2025-07-22,Colombo,Fruits,Produce,1,213.27,213.27,CUST9794
TXN000798,2025-07-22,Colombo,Milk,Dairy,1,272.93,272.93,CUST3304
TXN000799,2025-07-22,Colombo,Milk,Dairy,8,276.45,2211.62,CUST7638
TXN000800,2025-07-22,Colombo,Toothpaste,Personal Care,8,188.41,1507.27,CUST4612
TXN000801,2025-07-22,Colombo,Fish,Seafood,5,808.97,4044.86,CUST4799
TXN000802,2025-07-22,Colombo,Fruits,Produce,4,203.0,812.0,CUST5436
TXN000803,2025-07-22,Colombo,Vegetables,Produce,1,113.85,113.85,CUST7079
TXN000804,2025-07-22,Colombo,Shampoo,Personal Care,2,329.03,658.07,CUST2735
TXN000805,2025-07-22,Colombo,Bread,Bakery,6,92.19,553.16,CUST8721
TXN000806,2025-07-22,Colombo,Milk,Dairy,1,294.69,294.69,CUST5227
TXN000807,2025-07-22,Galle,Milk,Dairy,4,266.77,1067.09,CUST3203
TXN000808,2025-07-22,Galle,Chicken,Meat,7,616.58,4316.09,CUST2323
TXN000809,2025-07-22,Galle,Shampoo,Personal Care,7,295.18,2066.26,CUST3511
TXN000810,2025-07-22,Galle,Soap,Personal Care,2,94.55,189.09,CUST7560
TXN000811,2025-07-22,Galle,Toothpaste,Personal Care,1,189.43,189.43,CUST7044
TXN000812,2025-07-22,Galle,Fish,Seafood,7,866.99,6068.91,CUST9502
TXN000813,2025-07-22,Galle,Vegetables,Produce,3,125.15,375.45,CUST7450
TXN000814,2025-07-22,Galle,Milk,Dairy,8,275.26,2202.1,CUST8380
TXN000815,2025-07-22,Matara,Milk,Dairy,3,296.12,888.37,CUST9732
TXN000816,2025-07-22,Matara,Chicken,Meat,3,668.67,2006.02,CUST1799
TXN000817,2025-07-22,Matara,Shampoo,Personal Care,8,335.32,2682.52,CUST9118
TXN000818,2025-07-22,Matara,Toothpaste,Personal Care,7,162.04,1134.3,CUST9835
TXN000819,2025-07-22,Matara,Toothpaste,Personal Care,5,177.61,888.06,CUST7574
TXN000820,2025-07-22,Matara,Fish,Seafood,4,743.73,2974.94,CUST5344
TXN000821,2025-07-22,Matara,Bread,Bakery,8,79.15,633.22,CUST4836
TXN000822,2025-07-22,Matara,Soap,Personal Care,2,102.97,205.94,CUST1464
TXN000823,2025-07-22,Matara,Chicken,Meat,6,592.4,3554.4,CUST5135
TXN000824,2025-07-22,Matara,Rice,Grains,7,158.24,1107.66,CUST3499
TXN000825,2025-07-22,Matara,Soap,Personal Care,3,95.89,287.66,CUST3274
TXN000826,2025-07-22,Matara,Rice,Grains,7,150.67,1054.7,CUST6863
TXN000827,2025-07-22,Matara,Chicken,Meat,2,708.55,1417.1,CUST5905
TXN000828,2025-07-22,Matara,Shampoo,Personal Care,8,296.77,2374.19,CUST3312
TXN000829,2025-07-23,Colombo,Soap,Personal Care,1,99.1,99.1,CUST7694
TXN000830,2025-07-23,Colombo,Fish,Seafood,6,732.68,4396.11,CUST5626
TXN000831,2025-07-23,Colombo,Vegetables,Produce,2,114.12,228.25,CUST2262
TXN000832,2025-07-23,Colombo,Toothpaste,Personal Care,9,185.28,1667.56,CUST2112
TXN000833,2025-07-23,Colombo,Chicken,Meat,1,596.93,596.93,CUST2915
TXN000834,2025-07-23,Colombo,Milk,Dairy,2,253.87,507.73,CUST1770
TXN000835,2025-07-23,Colombo,Bread,Bakery,1,87.35,87.35,CUST7929
TXN000836,2025-07-23,Colombo,Shampoo,Personal Care,9,335.03,3015.31,CUST4871
TXN000837,2025-07-23,Colombo,Fish,Seafood,1,753.9,753.9,CUST7052
TXN000838,2025-07-23,Colombo,Soap,Personal Care,4,86.02,344.07,CUST8552
TXN000839,2025-07-23,Colombo,Fruits,Produce,2,199.5,398.99,CUST9293
TXN000840,2025-07-23,Colombo,Shampoo,Personal Care,1,301.55,301.55,CUST2376
TXN000841,2025-07-23,Colombo,Fish,Seafood,8,792.84,6342.72,CUST8205
TXN000842,2025-07-23,Colombo,Toothpaste,Personal Care,1,187.87,187.87,CUST7184
TXN000843,2025-07-23,Colombo,Rice,Grains,7,161.2,1128.42,CUST7349
TXN000844,2025-07-23,Colombo,Toothpaste,Personal Care,5,183.48,917.42,CUST9978
TXN000845,2025-07-23,Colombo,Vegetables,Produce,3,130.04,390.11,CUST7050
TXN000846,2025-07-23,Colombo,Soap,Personal Care,8,99.29,794.32,CUST1540
TXN000847,2025-07-23,Galle,Milk,Dairy,1,265.21,265.21,CUST7777
TXN000848,2025-07-23,Galle,Shampoo,Personal Care,2,330.88,661.76,CUST3488
TXN000849,2025-07-23,Galle,Soap,Personal Care,9,85.98,773.84,CUST5544
TXN000850,2025-07-23,Galle,Toothpaste,Personal Care,7,193.43,1354.02,CUST1860
TXN000851,2025-07-23,Galle,Rice,Grains,5,151.36,756.78,CUST9199
TXN000852,2025-07-23,Galle,Vegetables,Produce,3,127.97,383.9,CUST1695
TXN000853,2025-07-23,Galle,Milk,Dairy,3,293.44,880.32,CUST5702
TXN000854,2025-07-23,Galle,Milk,Dairy,3,261.19,783.56,CUST8027
TXN000855,2025-07-23,Galle,Toothpaste,Personal Care,4,169.86,679.44,CUST4610
TXN000856,2025-07-23,Galle,Milk,Dairy,8,276.51,2212.05,CUST1545
TXN000857,2025-07-23,Matara,Milk,Dairy,3,269.98,809.94,CUST7208
TXN000858,2025-07-23,Matara,Soap,Personal Care,4,103.11,412.43,CUST2374
TXN000859,2025-07-23,Matara,Vegetables,Produce,9,108.34,975.1,CUST6856
TXN000860,2025-07-23,Matara,Toothpaste,Personal Care,7,162.78,1139.45,CUST6042
TXN000861,2025-07-23,Matara,Fish,Seafood,4,802.11,3208.45,CUST3891
TXN000862,2025-07-23,Matara,Fruits,Produce,1,207.66,207.66,CUST9104
TXN000863,2025-07-23,Matara,Chicken,Meat,4,694.24,2776.98,CUST1955
TXN000864,2025-07-23,Matara,Chicken,Meat,7,612.89,4290.24,CUST6292
TXN000865,2025-07-23,Matara,Chicken,Meat,9,612.57,5513.15,CUST1685
TXN000866,2025-07-23,Matara,Chicken,Meat,7,700.4,4902.78,CUST2539
TXN000867,2025-07-23,Matara,Milk,Dairy,8,256.22,2049.79,CUST1411
TXN000868,2025-07-23,Matara,Fish,Seafood,7,804.29,5630.02,CUST8186
TXN000869,2025-07-23,Matara,Fruits,Produce,1,208.38,208.38,CUST8487
TXN000870,2025-07-23,Matara,Chicken,Meat,3,699.17,2097.51,CUST6997
TXN000871,2025-07-23,Matara,Rice,Grains,6,135.61,813.66,CUST6436
TXN000872,2025-07-23,Matara,Rice,Grains,1,157.27,157.27,CUST1394
TXN000873,2025-07-23,Matara,Bread,Bakery,8,83.51,668.1,CUST3137
TXN000874,2025-07-23,Matara,Vegetables,Produce,3,123.71,371.12,CUST8763
TXN000875,2025-07-24,Colombo,Toothpaste,Personal Care,5,191.62,958.08,CUST3555
TXN000876,2025-07-24,Colombo,Toothpaste,Personal Care,6,188.09,1128.53,CUST8872
TXN000877,2025-07-24,Colombo,Vegetables,Produce,2,126.92,253.84,CUST8944
TXN000878,2025-07-24,Colombo,Bread,Bakery,7,90.39,632.71,CUST7026
TXN000879,2025-07-24,Colombo,Rice,Grains,8,144.05,1152.42,CUST7267
TXN000880,2025-07-24,Colombo,Chicken,Meat,4,591.99,2367.96,CUST3465
TXN000881,2025-07-24,Colombo,Fish,Seafood,5,728.7,3643.52,CUST5785
TXN000882,2025-07-24,Colombo,Vegetables,Produce,7,113.03,791.19,CUST9738
TXN000883,2025-07-24,Colombo,Rice,Grains,5,146.81,734.06,CUST8082
TXN000884,2025-07-24,Colombo,Chicken,Meat,3,665.15,1995.45,CUST3457
TXN000885,2025-07-24,Colombo,Chicken,Meat,6,690.39,4142.36,CUST7650
TXN000886,2025-07-24,Colombo,Milk,Dairy,2,300.74,601.47,CUST9259
TXN000887,2025-07-24,Colombo,Milk,Dairy,4,262.37,1049.49,CUST8210
TXN000888,2025-07-24,Colombo,Shampoo,Personal Care,3,321.52,964.56,CUST1902
TXN000889,2025-07-24,Colombo,Fish,Seafood,2,769.12,1538.24,CUST4166
TXN000890,2025-07-24,Colombo,Vegetables,Produce,5,122.06,610.29,CUST7597
TXN000891,2025-07-24,Colombo,Shampoo,Personal Care,9,320.53,2884.75,CUST1980
TXN000892,2025-07-24,Galle,Fish,Seafood,5,768.38,3841.9,CUST4183
TXN000893,2025-07-24,Galle,Bread,Bakery,4,89.19,356.76,CUST5252
TXN000894,2025-07-24,Galle,Bread,Bakery,3,77.7,233.1,CUST7700
TXN000895,2025-07-24,Galle,Soap,Personal Care,5,104.13,520.63,CUST8815
TXN000896,2025-07-24,Galle,Bread,Bakery,4,82.35,329.41,CUST2453
TXN000897,2025-07-24,Galle,Vegetables,Produce,8,125.52,1004.2,CUST3914
TXN000898,2025-07-24,Galle,Fruits,Produce,4,196.05,784.2,CUST3569
TXN000899,2025-07-24,Galle,Fish,Seafood,2,856.24,1712.47,CUST5711
TXN000900,2025-07-24,Galle,Bread,Bakery,7,77.3,541.12,CUST1003
TXN000901,2025-07-24,Galle,Soap,Personal Care,1,98.67,98.67,CUST5885
TXN000902,2025-07-24,Galle,Rice,Grains,1,150.26,150.26,CUST1822
TXN000903,2025-07-24,Galle,Toothpaste,Personal Care,7,191.93,1343.48,CUST6297
TXN000904,2025-07-24,Galle,Toothpaste,Personal Care,7,172.85,1209.98,CUST3361
TXN000905,2025-07-24,Galle,Vegetables,Produce,3,114.36,343.08,CUST5377
TXN000906,2025-07-24,Galle,Fish,Seafood,8,811.25,6489.99,CUST8006
TXN000907,2025-07-24,Galle,Rice,Grains,3,148.67,446.01,CUST7513
TXN000908,2025-07-24,Galle,Bread,Bakery,5,90.43,452.13,CUST3015
TXN000909,2025-07-24,Matara,Fruits,Produce,9,215.22,1936.96,CUST2520
TXN000910,2025-07-24,Matara,Toothpaste,Personal Care,6,172.45,1034.71,CUST3650
TXN000911,2025-07-24,Matara,Fish,Seafood,9,875.61,7880.5,CUST6678
TXN000912,2025-07-24,Matara,Milk,Dairy,9,255.52,2299.67,CUST7025
TXN000913,2025-07-24,Matara,Shampoo,Personal Care,9,305.36,2748.27,CUST5733
TXN000914,2025-07-24,Matara,Bread,Bakery,5,78.86,394.29,CUST3920
TXN000915,2025-07-24,Matara,Milk,Dairy,7,294.34,2060.37,CUST8368
TXN000916,2025-07-24,Matara,Milk,Dairy,2,306.44,612.88,CUST5512
TXN000917,2025-07-24,Matara,Fruits,Produce,7,216.37,1514.61,CUST5667
TXN000918,2025-07-24,Matara,Toothpaste,Personal Care,5,162.6,813.02,CUST1668
TXN000919,2025-07-24,Matara,Vegetables,Produce,3,114.49,343.48,CUST7425
TXN000920,2025-07-24,Matara,Bread,Bakery,2,87.37,174.74,CUST5165
TXN000921,2025-07-24,Matara,Shampoo,Personal Care,9,291.13,2620.15,CUST7817
TXN000922,2025-07-24,Matara,Toothpaste,Personal Care,2,168.9,337.79,CUST7185
TXN000923,2025-07-24,Matara,Soap,Personal Care,3,96.36,289.08,CUST8567
TXN000924,2025-07-24,Matara,Bread,Bakery,9,92.03,828.31,CUST7920
TXN000925,2025-07-25,Colombo,Soap,Personal Care,2,88.78,177.56,CUST3589
TXN000926,2025-07-25,Colombo,Shampoo,Personal Care,7,318.11,2226.79,CUST5971
TXN000927,2025-07-25,Colombo,Rice,Grains,8,152.83,1222.65,CUST6340
TXN000928,2025-07-25,Colombo,Milk,Dairy,6,304.08,1824.46,CUST6995
TXN000929,2025-07-25,Colombo,Fish,Seafood,8,833.14,6665.13,CUST4898
TXN000930,2025-07-25,Colombo,Bread,Bakery,5,92.49,462.45,CUST2494
TXN000931,2025-07-25,Colombo,Soap,Personal Care,8,90.35,722.84,CUST3944
TXN000932,2025-07-25,Colombo,Chicken,Meat,6,637.95,3827.71,CUST1861
TXN000933,2025-07-25,Colombo,Shampoo,Personal Care,3,328.78,986.35,CUST3093
TXN000934,2025-07-25,Colombo,Chicken,Meat,1,619.52,619.52,CUST1821
TXN000935,2025-07-25,Colombo,Shampoo,Personal Care,6,340.92,2045.52,CUST9218
TXN000936,2025-07-25,Colombo,Vegetables,Produce,9,126.96,1142.66,CUST1639
TXN000937,2025-07-25,Galle,Soap,Personal Care,7,101.14,707.98,CUST8404
TXN000938,2025-07-25,Galle,Soap,Personal Care,4,95.06,380.22,CUST1200
TXN000939,2025-07-25,Galle,Chicken,Meat,7,636.13,4452.91,CUST2453
TXN000940,2025-07-25,Galle,Fish,Seafood,7,817.29,5721.01,CUST5009
TXN000941,2025-07-25,Galle,Milk,Dairy,1,281.61,281.61,CUST1129
TXN000942,2025-07-25,Galle,Soap,Personal Care,9,92.25,830.22,CUST1208
TXN000943,2025-07-25,Galle,Vegetables,Produce,7,117.77,824.4,CUST2947
TXN000944,2025-07-25,Galle,Shampoo,Personal Care,3,316.18,948.55,CUST4446
TXN000945,2025-07-25,Galle,Chicken,Meat,9,614.35,5529.13,CUST3983
TXN000946,2025-07-25,Galle,Chicken,Meat,5,645.25,3226.23,CUST7665
TXN000947,2025-07-25,Galle,Fish,Seafood,3,844.09,2532.26,CUST7966
TXN000948,2025-07-25,Galle,Shampoo,Personal Care,2,299.2,598.41,CUST3211
TXN000949,2025-07-25,Galle,Bread,Bakery,9,82.09,738.78,CUST3421
TXN000950,2025-07-25,Galle,Rice,Grains,9,151.92,1367.27,CUST5688
TXN000951,2025-07-25,Matara,Soap,Personal Care,5,99.01,495.03,CUST7096
TXN000952,2025-07-25,Matara,Shampoo,Personal Care,3,289.84,869.51,CUST8302
TXN000953,2025-07-25,Matara,Fruits,Produce,8,189.57,1516.53,CUST4017
TXN000954,2025-07-25,Matara,Soap,Personal Care,5,98.87,494.33,CUST3728
TXN000955,2025-07-25,Matara,Vegetables,Produce,9,125.53,1129.73,CUST8780
TXN000956,2025-07-25,Matara,Soap,Personal Care,6,99.72,598.33,CUST9012
TXN000957,2025-07-25,Matara,Chicken,Meat,6,625.42,3752.49,CUST1846
TXN000958,2025-07-25,Matara,Fruits,Produce,2,190.34,380.68,CUST4457
TXN000959,2025-07-26,Colombo,Chicken,Meat,1,670.6,670.6,CUST9542
TXN000960,2025-07-26,Colombo,Bread,Bakery,3,80.41,241.23,CUST6662
TXN000961,2025-07-26,Colombo,Rice,Grains,5,163.88,819.38,CUST1721
TXN000962,2025-07-26,Colombo,Toothpaste,Personal Care,6,181.76,1090.57,CUST3668
TXN000963,2025-07-26,Colombo,Fruits,Produce,9,191.89,1727.04,CUST5672
TXN000964,2025-07-26,Colombo,Toothpaste,Personal Care,2,196.36,392.71,CUST1295
TXN000965,2025-07-26,Colombo,Shampoo,Personal Care,6,338.3,2029.78,CUST4638
TXN000966,2025-07-26,Colombo,Rice,Grains,8,139.45,1115.62,CUST8771
TXN000967,2025-07-26,Colombo,Shampoo,Personal Care,2,346.9,693.8,CUST8097
TXN000968,2025-07-26,Colombo,Fruits,Produce,1,190.08,190.08,CUST9615
TXN000969,2025-07-26,Colombo,Rice,Grains,5,136.81,684.07,CUST5948
TXN000970,2025-07-26,Colombo,Toothpaste,Personal Care,8,188.23,1505.8,CUST7176
TXN000971,2025-07-26,Colombo,Rice,Grains,5,151.8,759.01,CUST2743
TXN000972,2025-07-26,Galle,Bread,Bakery,6,90.08,540.49,CUST2907
TXN000973,2025-07-26,Galle,Shampoo,Personal Care,8,339.24,2713.9,CUST9159
TXN000974,2025-07-26,Galle,Bread,Bakery,2,92.18,184.36,CUST9457
TXN000975,2025-07-26,Galle,Chicken,Meat,4,661.83,2647.31,CUST1407
TXN000976,2025-07-26,Galle,Fruits,Produce,3,218.29,654.86,CUST9623
TXN000977,2025-07-26,Galle,Vegetables,Produce,9,108.5,976.46,CUST7432
TXN000978,2025-07-26,Galle,Chicken,Meat,5,661.06,3305.3,CUST9266
TXN000979,2025-07-26,Galle,Chicken,Meat,8,696.59,5572.72,CUST4373
TXN000980,2025-07-26,Galle,Bread,Bakery,2,90.55,181.1,CUST7679
TXN000981,2025-07-26,Galle,Toothpaste,Personal Care,8,177.04,1416.29,CUST5243
TXN000982,2025-07-26,Galle,Shampoo,Personal Care,8,340.17,2721.35,CUST5343
TXN000983,2025-07-26,Galle,Bread,Bakery,3,84.09,252.28,CUST2291
TXN000984,2025-07-26,Galle,Rice,Grains,4,135.95,543.79,CUST9771
TXN000985,2025-07-26,Galle,Fish,Seafood,8,870.58,6964.6,CUST6948
TXN000986,2025-07-26,Galle,Toothpaste,Personal Care,3,184.61,553.82,CUST9766
TXN000987,2025-07-26,Galle,Vegetables,Produce,7,117.64,823.45,CUST7393
TXN000988,2025-07-26,Matara,Fruits,Produce,3,196.74,590.22,CUST6010
TXN000989,2025-07-26,Matara,Milk,Dairy,4,257.4,1029.61,CUST5111
TXN000990,2025-07-26,Matara,Toothpaste,Personal Care,5,188.59,942.97,CUST5726
TXN000991,2025-07-26,Matara,Shampoo,Personal Care,7,329.1,2303.71,CUST7203
TXN000992,2025-07-26,Matara,Rice,Grains,7,154.59,1082.12,CUST8875
TXN000993,2025-07-26,Matara,Soap,Personal Care,2,98.82,197.64,CUST2821
TXN000994,2025-07-27,Colombo,Fish,Seafood,6,779.46,4676.78,CUST8949
TXN000995,2025-07-27,Colombo,Fish,Seafood,9,727.52,6547.69,CUST9564
TXN000996,2025-07-27,Colombo,Bread,Bakery,6,92.49,554.95,CUST9919
TXN000997,2025-07-27,Colombo,Fruits,Produce,1,213.89,213.89,CUST1840
TXN000998,2025-07-27,Colombo,Shampoo,Personal Care,3,329.94,989.81,CUST2960
TXN000999,2025-07-27,Colombo,Fish,Seafood,4,870.35,3481.38,CUST3407
TXN001000,2025-07-27,Colombo,Toothpaste,Personal Care,7,189.98,1329.85,CUST2789
TXN001001,2025-07-27,Galle,Milk,Dairy,7,256.67,1796.69,CUST3881
TXN001002,2025-07-27,Galle,Chicken,Meat,5,706.04,3530.22,CUST5402
TXN001003,2025-07-27,Galle,Chicken,Meat,6,696.44,4178.61,CUST1290
TXN001004,2025-07-27,Galle,Rice,Grains,3,156.05,468.16,CUST1167
TXN001005,2025-07-27,Galle,Soap,Personal Care,7,94.8,663.58,CUST1968
TXN001006,2025-07-27,Galle,Soap,Personal Care,7,90.46,633.24,CUST6771
TXN001007,2025-07-27,Galle,Fruits,Produce,5,212.05,1060.25,CUST1924
TXN001008,2025-07-27,Galle,Soap,Personal Care,1,97.53,97.53,CUST4432
TXN001009,2025-07-27,Galle,Chicken,Meat,9,587.85,5290.67,CUST2052
TXN001010,2025-07-27,Galle,Vegetables,Produce,9,111.37,1002.33,CUST3288
TXN001011,2025-07-27,Galle,Rice,Grains,6,160.28,961.69,CUST8024
TXN001012,2025-07-27,Galle,Rice,Grains,4,150.67,602.67,CUST3567
TXN001013,2025-07-27,Galle,Fruits,Produce,7,181.11,1267.77,CUST7807
TXN001014,2025-07-27,Galle,Soap,Personal Care,9,102.39,921.52,CUST3840
TXN001015,2025-07-27,Galle,Toothpaste,Personal Care,4,183.06,732.23,CUST3367
TXN001016,2025-07-27,Galle,Shampoo,Personal Care,6,333.77,2002.65,CUST3338
TXN001017,2025-07-27,Galle,Shampoo,Personal Care,7,347.94,2435.58,CUST6796
TXN001018,2025-07-27,Galle,Chicken,Meat,8,707.31,5658.51,CUST9914
TXN001019,2025-07-27,Matara,Chicken,Meat,5,599.23,2996.17,CUST8262
TXN001020,2025-07-27,Matara,Toothpaste,Personal Care,7,168.66,1180.59,CUST3182
TXN001021,2025-07-27,Matara,Vegetables,Produce,7,120.82,845.74,CUST5762
TXN001022,2025-07-27,Matara,Vegetables,Produce,7,117.84,824.88,CUST4502
TXN001023,2025-07-27,Matara,Rice,Grains,6,139.19,835.16,CUST5498
TXN001024,2025-07-27,Matara,Toothpaste,Personal Care,4,189.41,757.64,CUST9494
TXN001025,2025-07-27,Matara,Shampoo,Personal Care,6,326.18,1957.09,CUST5099
TXN001026,2025-07-27,Matara,Rice,Grains,8,151.21,1209.65,CUST3165
TXN001027,2025-07-27,Matara,Shampoo,Personal Care,4,319.9,1279.59,CUST1156
TXN001028,2025-07-27,Matara,Rice,Grains,5,148.71,743.57,CUST9385
TXN001029,2025-07-27,Matara,Chicken,Meat,7,679.84,4758.9,CUST5281
TXN001030,2025-07-27,Matara,Toothpaste,Personal Care,7,187.57,1312.96,CUST2709
TXN001031,2025-07-27,Matara,Shampoo,Personal Care,8,295.97,2367.75,CUST5919
TXN001032,2025-07-27,Matara,Milk,Dairy,3,304.82,914.46,CUST7057
TXN001033,2025-07-27,Matara,Shampoo,Personal Care,1,339.57,339.57,CUST4874
TXN001034,2025-07-27,Matara,Milk,Dairy,3,264.72,794.15,CUST5373
TXN001035,2025-07-27,Matara,Vegetables,Produce,6,125.3,751.81,CUST5459
TXN001036,2025-07-27,Matara,Vegetables,Produce,5,127.89,639.47,CUST4142
TXN001037,2025-07-27,Matara,Soap,Personal Care,7,99.64,697.47,CUST1922
TXN001038,2025-07-28,Colombo,Shampoo,Personal Care,8,318.37,2546.94,CUST4183
TXN001039,2025-07-28,Colombo,Vegetables,Produce,6,111.63,669.76,CUST4543
TXN001040,2025-07-28,Colombo,Soap,Personal Care,9,94.86,853.72,CUST7332
TXN001041,2025-07-28,Colombo,Vegetables,Produce,6,123.65,741.88,CUST8097
TXN001042,2025-07-28,Colombo,Toothpaste,Personal Care,4,187.07,748.29,CUST1460
TXN001043,2025-07-28,Colombo,Milk,Dairy,4,275.25,1100.99,CUST9090
TXN001044,2025-07-28,Colombo,Vegetables,Produce,1,130.78,130.78,CUST4757
TXN001045,2025-07-28,Colombo,Toothpaste,Personal Care,2,165.23,330.45,CUST2990
TXN001046,2025-07-28,Colombo,Milk,Dairy,8,292.71,2341.67,CUST3463
TXN001047,2025-07-28,Galle,Vegetables,Produce,6,108.45,650.72,CUST5338
TXN001048,2025-07-28,Galle,Shampoo,Personal Care,1,351.68,351.68,CUST6060
TXN001049,2025-07-28,Galle,Milk,Dairy,3,289.08,867.23,CUST1356
TXN001050,2025-07-28,Galle,Toothpaste,Personal Care,6,188.93,1133.58,CUST9584
TXN001051,2025-07-28,Galle,Milk,Dairy,1,297.5,297.5,CUST4226
TXN001052,2025-07-28,Galle,Rice,Grains,1,161.78,161.78,CUST8723
TXN001053,2025-07-28,Galle,Fish,Seafood,4,786.97,3147.88,CUST1882
TXN001054,2025-07-28,Galle,Milk,Dairy,7,298.71,2090.99,CUST7239
TXN001055,2025-07-28,Galle,Rice,Grains,3,155.7,467.11,CUST9766
TXN001056,2025-07-28,Galle,Soap,Personal Care,8,102.69,821.55,CUST2208
TXN001057,2025-07-28,Galle,Rice,Grains,1,141.64,141.64,CUST5277
TXN001058,2025-07-28,Matara,Rice,Grains,4,160.54,642.16,CUST5612
TXN001059,2025-07-28,Matara,Toothpaste,Personal Care,5,163.66,818.32,CUST3183
TXN001060,2025-07-28,Matara,Rice,Grains,3,152.81,458.43,CUST6696
TXN001061,2025-07-28,Matara,Toothpaste,Personal Care,2,192.48,384.95,CUST7337
TXN001062,2025-07-28,Matara,Milk,Dairy,2,274.1,548.21,CUST8917
TXN001063,2025-07-28,Matara,Vegetables,Produce,1,131.77,131.77,CUST9240
TXN001064,2025-07-28,Matara,Soap,Personal Care,4,99.34,397.37,CUST9292
TXN001065,2025-07-28,Matara,Vegetables,Produce,5,126.77,633.87,CUST4508
TXN001066,2025-07-28,Matara,Fruits,Produce,6,196.76,1180.54,CUST4810
TXN001067,2025-07-28,Matara,Vegetables,Produce,5,115.24,576.22,CUST4288
TXN001068,2025-07-28,Matara,Rice,Grains,9,142.38,1281.44,CUST3789
TXN001069,2025-07-28,Matara,Vegetables,Produce,3,119.1,357.29,CUST2678
TXN001070,2025-07-28,Matara,Soap,Personal Care,9,100.88,907.92,CUST6233
TXN001071,2025-07-28,Matara,Fish,Seafood,4,800.52,3202.09,CUST9402
TXN001072,2025-07-28,Matara,Toothpaste,Personal Care,2,165.1,330.2,CUST7218
TXN001073,2025-07-28,Matara,Chicken,Meat,6,712.54,4275.24,CUST7199
TXN001074,2025-07-28,Matara,Soap,Personal Care,9,88.51,796.61,CUST2108
TXN001075,2025-07-28,Matara,Vegetables,Produce,5,127.42,637.11,CUST1215
TXN001076,2025-07-28,Matara,Vegetables,Produce,3,120.49,361.48,CUST8603
TXN001077,2025-07-29,Colombo,Fish,Seafood,7,770.24,5391.65,CUST3551
TXN001078,2025-07-29,Colombo,Rice,Grains,8,159.08,1272.63,CUST5028
TXN001079,2025-07-29,Colombo,Milk,Dairy,6,276.56,1659.37,CUST6440
TXN001080,2025-07-29,Colombo,Toothpaste,Personal Care,7,197.39,1381.75,CUST2419
TXN001081,2025-07-29,Colombo,Rice,Grains,4,142.48,569.93,CUST5601
TXN001082,2025-07-29,Colombo,Vegetables,Produce,8,112.14,897.15,CUST8713
TXN001083,2025-07-29,Colombo,Fish,Seafood,8,799.27,6394.19,CUST2367
TXN001084,2025-07-29,Colombo,Soap,Personal Care,4,93.51,374.03,CUST8543
TXN001085,2025-07-29,Galle,Milk,Dairy,7,255.68,1789.77,CUST2334
TXN001086,2025-07-29,Galle,Fruits,Produce,7,190.27,1331.88,CUST3824
TXN001087,2025-07-29,Galle,Fish,Seafood,6,794.13,4764.8,CUST7681
TXN001088,2025-07-29,Galle,Chicken,Meat,8,603.28,4826.26,CUST2866
TXN001089,2025-07-29,Galle,Rice,Grains,3,160.3,480.91,CUST7029
TXN001090,2025-07-29,Galle,Fruits,Produce,1,202.84,202.84,CUST3397
TXN001091,2025-07-29,Galle,Soap,Personal Care,4,91.0,363.99,CUST3417
TXN001092,2025-07-29,Galle,Bread,Bakery,8,86.2,689.6,CUST7077
TXN001093,2025-07-29,Galle,Fish,Seafood,2,872.18,1744.37,CUST4704
TXN001094,2025-07-29,Galle,Fruits,Produce,9,188.9,1700.08,CUST4864
TXN001095,2025-07-29,Galle,Soap,Personal Care,9,101.87,916.81,CUST2578
TXN001096,2025-07-29,Galle,Bread,Bakery,4,84.94,339.78,CUST6167
TXN001097,2025-07-29,Galle,Toothpaste,Personal Care,1,167.62,167.62,CUST3687
TXN001098,2025-07-29,Galle,Milk,Dairy,2,279.48,558.97,CUST8255
TXN001099,2025-07-29,Galle,Bread,Bakery,5,85.12,425.62,CUST4085
TXN001100,2025-07-29,Matara,Toothpaste,Personal Care,4,184.86,739.44,CUST1354
TXN001101,2025-07-29,Matara,Rice,Grains,8,161.54,1292.31,CUST5583
TXN001102,2025-07-29,Matara,Vegetables,Produce,1,115.89,115.89,CUST6069
TXN001103,2025-07-29,Matara,Bread,Bakery,1,89.05,89.05,CUST6822
TXN001104,2025-07-29,Matara,Fruits,Produce,7,216.84,1517.85,CUST4480
TXN001105,2025-07-29,Matara,Soap,Personal Care,6,95.06,570.35,CUST1357
TXN001106,2025-07-29,Matara,Chicken,Meat,7,588.83,4121.82,CUST8600
TXN001107,2025-07-29,Matara,Vegetables,Produce,8,113.99,911.94,CUST9808
TXN001108,2025-07-29,Matara,Shampoo,Personal Care,3,324.55,973.65,CUST1146
TXN001109,2025-07-29,Matara,Shampoo,Personal Care,4,343.3,1373.21,CUST1739
TXN001110,2025-07-29,Matara,Shampoo,Personal Care,2,319.77,639.55,CUST2928
TXN001111,2025-07-29,Matara,Fish,Seafood,5,775.87,3879.33,CUST5779
TXN001112,2025-07-29,Matara,Fruits,Produce,5,213.6,1068.02,CUST7513
TXN001113,2025-07-29,Matara,Chicken,Meat,3,623.7,1871.09,CUST8901
TXN001114,2025-07-29,Matara,Rice,Grains,5,162.18,810.88,CUST3558
TXN001115,2025-07-29,Matara,Soap,Personal Care,5,95.38,476.91,CUST4753
TXN001116,2025-07-29,Matara,Bread,Bakery,2,78.87,157.74,CUST5177
TXN001117,2025-07-29,Matara,Rice,Grains,3,156.78,470.34,CUST2397
TXN001118,2025-07-29,Matara,Shampoo,Personal Care,9,343.17,3088.55,CUST4184
TXN001119,2025-07-30,Colombo,Fish,Seafood,7,875.25,6126.78,CUST6412
TXN001120,2025-07-30,Colombo,Shampoo,Personal Care,3,293.76,881.28,CUST6767
TXN001121,2025-07-30,Colombo,Fish,Seafood,5,791.31,3956.56,CUST4205
TXN001122,2025-07-30,Colombo,Fish,Seafood,9,800.26,7202.36,CUST2460
TXN001123,2025-07-30,Colombo,Toothpaste,Personal Care,2,174.51,349.03,CUST1543
TXN001124,2025-07-30,Colombo,Soap,Personal Care,6,94.27,565.61,CUST6242
TXN001125,2025-07-30,Colombo,Shampoo,Personal Care,5,314.06,1570.29,CUST6001
TXN001126,2025-07-30,Colombo,Bread,Bakery,2,77.77,155.54,CUST4073
TXN001127,2025-07-30,Colombo,Vegetables,Produce,8,112.63,901.05,CUST1854
TXN001128,2025-07-30,Colombo,Fruits,Produce,2,198.58,397.15,CUST2244
TXN001129,2025-07-30,Galle,Soap,Personal Care,2,101.38,202.76,CUST4978
TXN001130,2025-07-30,Galle,Shampoo,Personal Care,1,320.59,320.59,CUST9963
TXN001131,2025-07-30,Galle,Bread,Bakery,9,85.44,768.95,CUST4623
TXN001132,2025-07-30,Galle,Fruits,Produce,6,188.13,1128.78,CUST9622
TXN001133,2025-07-30,Galle,Soap,Personal Care,3,96.59,289.78,CUST9512
TXN001134,2025-07-30,Galle,Toothpaste,Personal Care,5,176.82,884.1,CUST6164
TXN001135,2025-07-30,Galle,Toothpaste,Personal Care,4,167.08,668.32,CUST6748
TXN001136,2025-07-30,Galle,Milk,Dairy,7,272.73,1909.1,CUST7254
TXN001137,2025-07-30,Galle,Fish,Seafood,1,852.62,852.62,CUST4451
TXN001138,2025-07-30,Galle,Chicken,Meat,6,603.54,3621.25,CUST9808
TXN001139,2025-07-30,Galle,Fish,Seafood,8,793.16,6345.31,CUST6108
TXN001140,2025-07-30,Galle,Toothpaste,Personal Care,6,188.77,1132.63,CUST1984
TXN001141,2025-07-30,Matara,Fish,Seafood,8,825.56,6604.49,CUST9888
TXN001142,2025-07-30,Matara,Bread,Bakery,6,82.02,492.1,CUST1660
TXN001143,2025-07-30,Matara,Fruits,Produce,7,190.59,1334.1,CUST8764
TXN001144,2025-07-30,Matara,Rice,Grains,8,164.61,1316.84,CUST4352
TXN001145,2025-07-30,Matara,Shampoo,Personal Care,2,340.39,680.78,CUST4791
TXN001146,2025-07-30,Matara,Soap,Personal Care,7,98.68,690.76,CUST6414
TXN001147,2025-07-30,Matara,Fish,Seafood,5,725.28,3626.39,CUST8755
TXN001148,2025-07-30,Matara,Soap,Personal Care,9,94.0,846.0,CUST6074
TXN001149,2025-07-30,Matara,Milk,Dairy,6,266.81,1600.86,CUST8747
TXN001150,2025-07-30,Matara,Fruits,Produce,5,183.52,917.59,CUST7460
TXN001151,2025-07-30,Matara,Fish,Seafood,5,864.31,4321.55,CUST9360
TXN001152,2025-07-30,Matara,Fruits,Produce,3,204.71,614.13,CUST9257
TXN001153,2025-07-30,Matara,Soap,Personal Care,7,103.92,727.42,CUST4095
TXN001154,2025-07-31,Colombo,Vegetables,Produce,1,121.42,121.42,CUST1101
TXN001155,2025-07-31,Colombo,Soap,Personal Care,6,96.66,579.97,CUST5249
TXN001156,2025-07-31,Colombo,Fish,Seafood,7,812.72,5689.01,CUST3963
TXN001157,2025-07-31,Colombo,Milk,Dairy,2,301.17,602.34,CUST6116
TXN001158,2025-07-31,Colombo,Milk,Dairy,9,259.49,2335.45,CUST5174
TXN001159,2025-07-31,Colombo,Shampoo,Personal Care,3,312.74,938.21,CUST4505
TXN001160,2025-07-31,Colombo,Fruits,Produce,4,182.75,731.02,CUST4580
TXN001161,2025-07-31,Colombo,Chicken,Meat,7,629.64,4407.45,CUST4719
TXN001162,2025-07-31,Colombo,Fruits,Produce,8,192.89,1543.1,CUST1032
TXN001163,2025-07-31,Colombo,Shampoo,Personal Care,7,301.58,2111.07,CUST1035
TXN001164,2025-07-31,Colombo,Fruits,Produce,1,208.0,208.0,CUST9815
TXN001165,2025-07-31,Colombo,Rice,Grains,7,157.55,1102.86,CUST2079
TXN001166,2025-07-31,Colombo,Bread,Bakery,4,90.6,362.41,CUST3768
TXN001167,2025-07-31,Colombo,Soap,Personal Care,1,94.32,94.32,CUST4188
TXN001168,2025-07-31,Colombo,Shampoo,Personal Care,1,345.33,345.33,CUST9103
TXN001169,2025-07-31,Colombo,Vegetables,Produce,9,127.96,1151.67,CUST3548
TXN001170,2025-07-31,Colombo,Soap,Personal Care,2,98.6,197.2,CUST2639
TXN001171,2025-07-31,Colombo,Vegetables,Produce,3,129.18,387.55,CUST5507
TXN001172,2025-07-31,Galle,Shampoo,Personal Care,2,330.53,661.07,CUST6051
TXN001173,2025-07-31,Galle,Chicken,Meat,8,591.72,4733.73,CUST6786
TXN001174,2025-07-31,Galle,Shampoo,Personal Care,4,329.64,1318.56,CUST1327
TXN001175,2025-07-31,Galle,Milk,Dairy,6,262.17,1573.05,CUST6474
TXN001176,2025-07-31,Galle,Milk,Dairy,3,278.51,835.54,CUST9619
TXN001177,2025-07-31,Galle,Soap,Personal Care,5,90.81,454.06,CUST1493
TXN001178,2025-07-31,Galle,Shampoo,Personal Care,1,299.59,299.59,CUST4197
TXN001179,2025-07-31,Galle,Chicken,Meat,9,604.87,5443.79,CUST9866
TXN001180,2025-07-31,Galle,Vegetables,Produce,3,108.55,325.64,CUST4838
TXN001181,2025-07-31,Galle,Rice,Grains,8,154.42,1235.35,CUST5809
TXN001182,2025-07-31,Galle,Fish,Seafood,4,785.62,3142.5,CUST7067
TXN001183,2025-07-31,Galle,Vegetables,Produce,1,117.1,117.1,CUST8300
TXN001184,2025-07-31,Galle,Fish,Seafood,7,825.62,5779.37,CUST7518
TXN001185,2025-07-31,Galle,Toothpaste,Personal Care,2,188.62,377.24,CUST9411
TXN001186,2025-07-31,Galle,Chicken,Meat,8,686.56,5492.47,CUST6871
TXN001187,2025-07-31,Galle,Soap,Personal Care,7,103.15,722.05,CUST7747
TXN001188,2025-07-31,Galle,Chicken,Meat,7,619.5,4336.53,CUST6700
TXN001189,2025-07-31,Galle,Vegetables,Produce,6,127.28,763.65,CUST6793
TXN001190,2025-07-31,Matara,Soap,Personal Care,5,92.21,461.07,CUST5069
TXN001191,2025-07-31,Matara,Milk,Dairy,8,265.69,2125.52,CUST4752
TXN001192,2025-07-31,Matara,Chicken,Meat,2,677.13,1354.26,CUST6134
TXN001193,2025-07-31,Matara,Fruits,Produce,1,207.83,207.83,CUST9553
TXN001194,2025-07-31,Matara,Fruits,Produce,1,214.74,214.74,CUST7968
TXN001195,2025-07-31,Matara,Toothpaste,Personal Care,8,191.85,1534.79,CUST3749
TXN001196,2025-07-31,Matara,Rice,Grains,9,164.82,1483.39,CUST1407
